1.jpg	0.991687
10.jpg	0.2603259
100.jpg	0.15543413
1000.jpg	0.92216593
1001.jpg	0.94338113
1002.jpg	0.9138859
1003.jpg	0.40550813
1004.jpg	0.75279224
1005.jpg	0.43903324
1006.jpg	0.9038519
1007.jpg	0.04572584
1008.jpg	0.53180176
1009.jpg	0.32123378
101.jpg	0.8413689
1010.jpg	0.35169747
1011.jpg	0.27453014
1012.jpg	0.05155062
1013.jpg	0.019750858
1014.jpg	0.4674375
1015.jpg	0.96490496
1016.jpg	0.004115349
2897.jpg	0.0010274883
2898.jpg	0.9496402
2899.jpg	0.001542321
29.jpg	6.437802e-05
290.jpg	0.1863527
2900.jpg	0.98285705
2901.jpg	0.7125467
2902.jpg	0.048949953
2903.jpg	0.0057467823
2904.jpg	0.010573442
2905.jpg	0.5099171
2906.jpg	0.68608516
2907.jpg	0.46992928
2908.jpg	0.6745445
2909.jpg	0.72935367
291.jpg	0.15408295
2910.jpg	0.013927012
2911.jpg	0.94727767
2912.jpg	0.99240935
2913.jpg	0.9455865
2914.jpg	0.8913896
2915.jpg	0.06175264
2916.jpg	0.9753533
2917.jpg	0.16230868
403.jpg	0.07982944
4030.jpg	0.0034812333
4031.jpg	0.00017991613
4032.jpg	0.18786299
4033.jpg	0.0024242175
4034.jpg	0.0017795432
4035.jpg	0.7809652
4036.jpg	0.07112674
4037.jpg	0.007429895
4038.jpg	0.0016776418
4039.jpg	3.7299637e-07
404.jpg	0.2901539
4040.jpg	0.3045023
4041.jpg	0.8900498
4042.jpg	0.9491165
4043.jpg	0.8146874
4044.jpg	0.3231125
4045.jpg	0.33325744
4046.jpg	0.9642375
4047.jpg	0.044618316
4048.jpg	0.0010236026
4049.jpg	0.22585368
1839.jpg	0.8086758
184.jpg	0.07185416
1840.jpg	0.9839298
1841.jpg	0.9759939
1842.jpg	0.04921322
1843.jpg	0.40673333
1844.jpg	0.9925801
1845.jpg	0.2644649
1846.jpg	0.1946354
1847.jpg	0.31432617
1848.jpg	0.006420472
1849.jpg	0.5403986
185.jpg	0.8325927
1850.jpg	0.49896047
1851.jpg	0.91435957
1852.jpg	0.51151156
1853.jpg	0.59320587
1854.jpg	0.024887541
1855.jpg	0.97271097
1856.jpg	0.010899618
1857.jpg	0.004387678
1858.jpg	0.9408491
1859.jpg	0.4611648
186.jpg	0.0083172815
1860.jpg	0.047528993
1861.jpg	0.00013195525
1862.jpg	0.07360394
1863.jpg	0.06702919
1864.jpg	0.94466233
1865.jpg	0.9980573
1866.jpg	0.022622244
1867.jpg	0.8193934
1868.jpg	0.030565817
1869.jpg	0.95184076
187.jpg	0.3058061
1870.jpg	0.97228795
4809.jpg	0.035302985
481.jpg	0.69379807
4810.jpg	0.0006658927
4811.jpg	0.7154264
4812.jpg	0.18114354
4813.jpg	0.48058626
4814.jpg	0.07288732
4815.jpg	0.0015953509
4816.jpg	0.43228197
4817.jpg	0.25996464
4818.jpg	5.49044e-05
4819.jpg	0.99659616
482.jpg	0.6826887
4820.jpg	0.8306131
4821.jpg	0.07508005
4822.jpg	0.92872536
4823.jpg	0.8419277
4824.jpg	0.00298266
4825.jpg	0.0006996151
4826.jpg	0.13780923
4827.jpg	5.9706595e-05
4828.jpg	0.86960524
4829.jpg	0.95875657
483.jpg	0.5411449
4830.jpg	0.028214024
4831.jpg	0.055387467
4832.jpg	0.0023752565
4833.jpg	0.12502943
4834.jpg	0.7256583
4835.jpg	0.67124224
4836.jpg	0.9328548
4837.jpg	0.0028339683
4838.jpg	0.7471793
4839.jpg	0.0033600223
484.jpg	0.7591108
4840.jpg	0.5043878
4841.jpg	0.65190357
1017.jpg	0.891445
1037.jpg	0.86765146
1066.jpg	0.9314582
1091.jpg	0.9173607
112.jpg	0.9661027
1141.jpg	0.25076252
116.jpg	0.013598022
1178.jpg	0.95948195
12.jpg	0.92280513
1233.jpg	0.2652565
1257.jpg	0.35675693
1292.jpg	0.93309426
1327.jpg	0.0039126044
1351.jpg	0.0004555701
1370.jpg	0.076940976
1390.jpg	1.919807e-05
1409.jpg	0.0025489526
1427.jpg	0.74000025
1452.jpg	0.00569467
1481.jpg	0.06794654
1509.jpg	0.005035478
1540.jpg	0.04413109
1560.jpg	0.8111713
3579.jpg	0.0033514365
358.jpg	0.95637596
3580.jpg	0.8484696
3581.jpg	0.6866006
3582.jpg	0.14182408
3583.jpg	0.1052767
3584.jpg	0.040844698
3585.jpg	0.5417418
3586.jpg	0.01009083
3587.jpg	0.7190617
3588.jpg	0.01478609
3589.jpg	0.42678142
359.jpg	0.69045174
3590.jpg	0.7030521
3591.jpg	0.0024616928
3592.jpg	0.48780444
3593.jpg	0.8940205
3594.jpg	0.9249782
3595.jpg	0.019786496
3596.jpg	0.8883377
3597.jpg	0.93001854
3598.jpg	0.990176
3599.jpg	0.0029661688
1541.jpg	0.811731
1542.jpg	0.3749617
1543.jpg	0.15679374
1544.jpg	0.06824015
1545.jpg	0.11154905
1546.jpg	0.019336985
1547.jpg	0.9097618
1548.jpg	0.041030463
1549.jpg	0.9915456
155.jpg	0.97083044
1550.jpg	0.15539198
1551.jpg	0.87507546
1552.jpg	0.43528822
1553.jpg	0.95955044
1554.jpg	0.059616446
1555.jpg	0.8301159
1556.jpg	0.9661587
1557.jpg	0.00797325
1558.jpg	0.0050234897
1559.jpg	0.46002826
156.jpg	0.61549467
229.jpg	0.004853316
2290.jpg	0.00018750434
2291.jpg	0.7631651
2292.jpg	0.82447743
2293.jpg	0.07236528
2294.jpg	0.8672002
2295.jpg	0.0005139732
2296.jpg	0.63798356
2297.jpg	0.8948593
2298.jpg	0.022313897
2299.jpg	0.6501827
23.jpg	0.7360908
230.jpg	0.769824
2300.jpg	0.0008568668
2301.jpg	0.9941911
2302.jpg	0.44581822
2303.jpg	0.50684017
2304.jpg	0.8544486
2305.jpg	0.99605787
2306.jpg	0.26252446
2307.jpg	0.9966529
2308.jpg	0.035073232
3223.jpg	0.82041955
3224.jpg	0.8264857
3225.jpg	0.90258986
3226.jpg	0.8087097
3227.jpg	0.0747956
3228.jpg	0.99182934
3229.jpg	0.104820035
323.jpg	0.472535
3230.jpg	0.46088174
3231.jpg	0.19161844
3232.jpg	0.9079035
3233.jpg	0.7165445
3234.jpg	0.019478615
3235.jpg	0.6870259
3236.jpg	0.018636739
3237.jpg	0.045519583
3238.jpg	0.36148497
3239.jpg	0.8407405
324.jpg	0.5651563
3240.jpg	9.9059186e-08
3241.jpg	0.010390609
3242.jpg	0.9821063
3243.jpg	0.034591854
3244.jpg	0.25817835
3245.jpg	0.8750164
3246.jpg	0.96030325
3247.jpg	0.8315232
3248.jpg	0.048843965
3249.jpg	0.991083
325.jpg	0.6051377
3250.jpg	0.312628
3251.jpg	0.82739663
3252.jpg	0.7543357
3253.jpg	0.794062
630.jpg	0.2532952
631.jpg	0.027285315
632.jpg	0.42917228
633.jpg	0.0029988578
634.jpg	0.0013324863
635.jpg	0.00014339831
636.jpg	0.97682196
637.jpg	0.9775264
638.jpg	0.84179556
639.jpg	0.0436004
64.jpg	0.9830542
640.jpg	0.029873716
641.jpg	0.43586802
642.jpg	0.008356379
643.jpg	0.47388467
644.jpg	0.79731345
645.jpg	0.95017654
646.jpg	0.48093727
647.jpg	0.5238648
648.jpg	0.13006076
649.jpg	0.20285867
65.jpg	0.9244564
650.jpg	0.002531022
651.jpg	0.91563463
652.jpg	0.9115937
653.jpg	0.010756969
4406.jpg	0.01725804
4407.jpg	0.42176333
4408.jpg	0.8857422
4409.jpg	0.60243434
441.jpg	0.89340496
4410.jpg	0.3191436
4411.jpg	0.0011959824
4412.jpg	0.444308
4413.jpg	0.0024162417
4414.jpg	0.1301844
4415.jpg	0.0026588014
4416.jpg	0.00034988177
4417.jpg	0.0009184534
4418.jpg	0.9972083
4419.jpg	0.75703436
442.jpg	0.0105478605
4420.jpg	0.7016241
4421.jpg	0.99767774
4422.jpg	0.68029284
4423.jpg	0.008030449
4424.jpg	0.97840846
4425.jpg	0.25397778
4426.jpg	0.027025552
4427.jpg	0.23449014
4428.jpg	0.0077927816
2668.jpg	0.29861298
2669.jpg	0.00806299
267.jpg	0.99017113
2670.jpg	0.68112725
2671.jpg	0.49798837
2672.jpg	0.45336044
2673.jpg	0.004901637
2674.jpg	0.008401737
2675.jpg	0.0032547323
2676.jpg	0.37594485
2677.jpg	0.25290105
2678.jpg	0.51105535
2679.jpg	0.0021247447
268.jpg	0.0032104587
2680.jpg	0.019209264
2681.jpg	0.59332925
2682.jpg	0.95817727
2683.jpg	0.35782987
2684.jpg	0.37728903
2685.jpg	0.9998846
2686.jpg	0.91736376
2687.jpg	0.98931247
1234.jpg	0.6949585
1235.jpg	0.9211312
1236.jpg	0.011478407
1237.jpg	0.002358083
1238.jpg	0.002009815
1239.jpg	0.8822018
124.jpg	0.89947206
1240.jpg	0.0041115633
1241.jpg	0.015362384
1242.jpg	0.30553457
1243.jpg	0.23440917
1244.jpg	0.86928266
1245.jpg	0.8862651
1246.jpg	0.022691881
1247.jpg	0.62966776
1248.jpg	0.095847316
1249.jpg	0.38804263
125.jpg	0.06301043
1250.jpg	0.07550783
1251.jpg	0.02141454
1252.jpg	0.9889952
1253.jpg	0.093651555
1254.jpg	0.7125423
1255.jpg	0.39455983
1256.jpg	0.91263634
3791.jpg	0.79677224
3792.jpg	0.0061822874
3793.jpg	0.5028946
3794.jpg	0.000502308
3795.jpg	0.8299277
3796.jpg	0.13995875
3797.jpg	0.042763386
3798.jpg	0.58242136
3799.jpg	0.99330753
38.jpg	3.5959e-05
380.jpg	0.06265815
3800.jpg	0.0022922712
3801.jpg	0.96428627
3802.jpg	0.81964576
3803.jpg	0.5018582
3804.jpg	0.00022059816
3805.jpg	0.53343374
3806.jpg	0.0694671
3807.jpg	0.9744455
3808.jpg	0.75207335
3809.jpg	0.031090748
381.jpg	0.9657972
3810.jpg	0.9355358
3811.jpg	0.14702544
3812.jpg	0.10592668
3813.jpg	0.5065685
1741.jpg	0.86073977
1742.jpg	0.00018105468
1743.jpg	0.93248904
1744.jpg	0.012722469
1745.jpg	0.8881488
1746.jpg	0.98713243
1747.jpg	0.97357076
1748.jpg	0.47193432
1749.jpg	0.982556
175.jpg	0.7328455
1750.jpg	0.043694656
1751.jpg	0.41696015
1752.jpg	0.035664577
1753.jpg	0.49758756
1754.jpg	0.005444096
1755.jpg	0.05725537
1756.jpg	0.34296122
1757.jpg	0.25849932
1758.jpg	0.31217155
1759.jpg	0.08449307
2076.jpg	0.0053265104
2077.jpg	0.0020617847
2078.jpg	0.089952044
2079.jpg	0.9827711
208.jpg	0.8306198
2080.jpg	0.9849614
2081.jpg	0.8362324
2082.jpg	0.955759
2083.jpg	0.7385513
2084.jpg	0.012843357
2085.jpg	0.93884856
2086.jpg	0.98571914
2087.jpg	0.9562418
2088.jpg	0.59526324
2089.jpg	0.97301835
209.jpg	0.9485133
2090.jpg	0.3797076
2091.jpg	0.1453327
2092.jpg	1.0708839e-05
2093.jpg	0.99037206
2094.jpg	0.64168113
2095.jpg	0.9221462
2096.jpg	0.9993548
2097.jpg	0.63552237
2098.jpg	0.9695509
2099.jpg	0.9098102
21.jpg	0.78966016
210.jpg	0.98076266
2100.jpg	0.9589425
2101.jpg	0.18848419
2102.jpg	0.003876422
2103.jpg	0.9875142
2104.jpg	0.0063779834
3398.jpg	0.019741923
3399.jpg	0.8427501
34.jpg	0.0033876286
340.jpg	0.64080226
3400.jpg	0.9033725
3401.jpg	0.024647849
3402.jpg	0.020682953
3403.jpg	0.7808016
3404.jpg	0.033383437
3405.jpg	0.99793774
3406.jpg	0.0034723252
3407.jpg	0.009427415
3408.jpg	0.2735986
3409.jpg	0.9365138
341.jpg	0.99535996
3410.jpg	0.759808
3411.jpg	0.85070896
3412.jpg	0.68954796
3413.jpg	0.23671961
3414.jpg	0.6152751
3415.jpg	0.6046042
3416.jpg	0.12478653
3417.jpg	0.88043237
835.jpg	0.62437844
836.jpg	0.00489616
837.jpg	0.004882713
838.jpg	0.03282642
839.jpg	0.70651406
84.jpg	0.42011628
840.jpg	0.9840665
841.jpg	0.01455878
842.jpg	0.8701643
843.jpg	0.0036747851
844.jpg	0.9980215
845.jpg	0.9384566
846.jpg	0.81755453
847.jpg	0.3690655
848.jpg	0.6857653
849.jpg	0.016388083
85.jpg	0.86622566
850.jpg	0.945453
851.jpg	0.1088911
852.jpg	0.022843435
853.jpg	0.98967046
854.jpg	0.9930743
855.jpg	0.30294362
856.jpg	0.95875275
4997.jpg	0.13788866
4998.jpg	0.057821676
4999.jpg	0.28914094
5.jpg	0.9245652
50.jpg	0.99320555
500.jpg	0.92212003
501.jpg	0.20352909
502.jpg	0.025695616
503.jpg	0.43618962
504.jpg	0.9815124
505.jpg	0.76236767
506.jpg	0.9733803
507.jpg	0.01690288
508.jpg	0.20311804
509.jpg	0.89426506
51.jpg	0.9655617
510.jpg	0.0029795363
511.jpg	0.9225178
512.jpg	0.00949711
513.jpg	0.9238483
514.jpg	0.69075805
515.jpg	0.9831718
516.jpg	0.14927928
517.jpg	0.00042500877
518.jpg	0.7773488
3141.jpg	0.9150466
3142.jpg	0.26415625
3143.jpg	0.69572306
3144.jpg	0.34121877
3145.jpg	1.317753e-05
3146.jpg	0.5424563
3147.jpg	0.0029013597
3148.jpg	0.008794351
3149.jpg	0.2229893
315.jpg	0.0660309
3150.jpg	0.00048137526
3151.jpg	0.01401949
3152.jpg	0.9045196
3153.jpg	0.8900498
3154.jpg	0.007346487
3155.jpg	0.6086756
3156.jpg	1.8475934e-05
3157.jpg	0.22391719
3158.jpg	6.303522e-05
3159.jpg	0.16284724
316.jpg	0.8252333
4203.jpg	0.9340026
4204.jpg	0.19626795
4205.jpg	0.7429054
4206.jpg	0.021986851
4207.jpg	0.026590213
4208.jpg	0.9492237
4209.jpg	0.20409897
421.jpg	0.66036445
4210.jpg	0.0018628646
4211.jpg	0.008942754
4212.jpg	0.21434332
4213.jpg	0.19998167
4214.jpg	0.13954535
4215.jpg	0.94089305
4216.jpg	0.14352588
4217.jpg	0.17654055
4218.jpg	0.00064963225
4219.jpg	0.00088006473
422.jpg	0.95011854
4220.jpg	0.8519042
4607.jpg	0.82729274
4608.jpg	0.2719572
4609.jpg	0.036268942
461.jpg	0.010329147
4610.jpg	0.28891045
4611.jpg	0.053597346
4612.jpg	0.821059
4613.jpg	0.211355
4614.jpg	0.07276962
4615.jpg	0.50908875
4616.jpg	0.08873593
4617.jpg	0.017559698
4618.jpg	0.0052557993
4619.jpg	0.7036351
462.jpg	0.26965293
4620.jpg	0.5247891
4621.jpg	0.95235485
4622.jpg	0.99846363
4623.jpg	0.9214754
4624.jpg	0.010980249
3633.jpg	0.8185856
3634.jpg	0.18031397
3635.jpg	0.9320748
3636.jpg	0.019593442
3637.jpg	0.8888009
3638.jpg	0.95890695
3639.jpg	0.031603463
364.jpg	0.6356162
3640.jpg	0.0008866653
3641.jpg	0.5167035
3642.jpg	0.065173045
3643.jpg	0.12062345
3644.jpg	0.055595327
3645.jpg	0.7736819
3646.jpg	0.12410502
3647.jpg	0.9961876
3648.jpg	0.081112586
3649.jpg	0.9109254
365.jpg	0.4396474
3650.jpg	0.9424101
3651.jpg	0.010142852
3652.jpg	0.40789878
3653.jpg	0.8715294
3654.jpg	0.9755274
3655.jpg	0.75941384
2473.jpg	0.38223314
2474.jpg	0.90868545
2475.jpg	0.100800455
2476.jpg	0.75875235
2477.jpg	0.99882895
2478.jpg	0.31411687
2479.jpg	0.84671193
248.jpg	0.8097462
2480.jpg	0.5694231
2481.jpg	0.38302258
2482.jpg	0.9273646
2483.jpg	0.979332
2484.jpg	0.31135404
2485.jpg	0.97035295
2486.jpg	0.32807067
2487.jpg	0.7246805
2488.jpg	0.99776495
2489.jpg	0.9686812
249.jpg	0.6287157
2490.jpg	0.9844508
2491.jpg	0.23682691
1179.jpg	0.003101025
118.jpg	0.24833243
1180.jpg	0.8612888
1181.jpg	0.92745274
1182.jpg	0.81365556
1183.jpg	0.01338189
1184.jpg	0.0024307347
1185.jpg	0.22407715
1186.jpg	0.039953236
1187.jpg	0.025816187
1188.jpg	0.0802232
1189.jpg	0.93989456
119.jpg	5.4747292e-05
1190.jpg	0.53793746
1191.jpg	0.98491514
1192.jpg	0.0022282244
1193.jpg	9.689349e-05
1194.jpg	0.031060897
1195.jpg	0.20041777
1196.jpg	0.95745623
1197.jpg	0.13793339
1198.jpg	0.10758041
1199.jpg	0.001624886
3963.jpg	0.6356225
3964.jpg	0.60068345
3965.jpg	0.33791885
3966.jpg	0.73148507
3967.jpg	0.98338866
3968.jpg	0.20235044
3969.jpg	0.1593539
397.jpg	0.9891874
3970.jpg	0.12351821
3971.jpg	0.28112122
3972.jpg	0.16146684
3973.jpg	0.12792274
3974.jpg	0.17615017
3975.jpg	0.14485395
3976.jpg	0.00457136
3977.jpg	0.035059836
3978.jpg	0.5169229
3979.jpg	0.2600625
398.jpg	0.9674519
3980.jpg	0.9810604
1600.jpg	0.009414599
1601.jpg	0.00175552
1602.jpg	0.6120471
1603.jpg	0.35351053
1604.jpg	0.99692327
1605.jpg	0.7266227
1606.jpg	0.016735261
1607.jpg	0.00069972716
1608.jpg	0.962483
1609.jpg	0.843042
161.jpg	0.002583778
1610.jpg	0.050694097
1611.jpg	0.5283587
1612.jpg	0.95478106
1613.jpg	0.95376736
1614.jpg	0.045378115
1615.jpg	0.8525745
1616.jpg	0.03228708
1617.jpg	0.054255698
1618.jpg	0.8961704
1619.jpg	0.06261864
162.jpg	0.7691951
1620.jpg	0.11727335
1621.jpg	0.005541565
1622.jpg	0.85222775
1623.jpg	0.07087418
1624.jpg	0.7496793
1625.jpg	0.98025984
1626.jpg	4.8501635e-05
1627.jpg	0.707195
1628.jpg	0.013653263
1629.jpg	0.8311246
163.jpg	0.76707965
1630.jpg	0.755827
1631.jpg	0.934593
1632.jpg	0.7840432
1633.jpg	0.8317613
2842.jpg	0.9112532
2843.jpg	0.9007644
2844.jpg	0.93965673
2845.jpg	0.3105353
2846.jpg	0.96096647
2847.jpg	0.40848327
2848.jpg	0.0068714367
2849.jpg	0.8975588
285.jpg	0.5109105
2850.jpg	0.49223045
2851.jpg	0.8690798
2852.jpg	0.009067047
2853.jpg	0.0430736
2854.jpg	0.015498721
2855.jpg	0.32512844
2856.jpg	0.9436118
2857.jpg	0.83670145
2858.jpg	0.625553
2859.jpg	0.11819721
286.jpg	0.22390775
2860.jpg	0.000569875
2861.jpg	0.9885726
2862.jpg	0.9900355
2863.jpg	0.053437065
2864.jpg	0.24924824
2865.jpg	0.84998196
2866.jpg	0.0015442212
2867.jpg	0.002320114
2868.jpg	0.9707032
1391.jpg	0.37512133
1392.jpg	0.29113168
1393.jpg	0.24966702
1394.jpg	0.99084747
1395.jpg	0.7420985
1396.jpg	0.0063093165
1397.jpg	0.40764815
1398.jpg	0.0024320276
1399.jpg	0.9233426
14.jpg	5.37713e-06
140.jpg	0.022617163
1400.jpg	0.14736082
1401.jpg	0.509474
1402.jpg	0.000704063
1403.jpg	0.97329766
1404.jpg	0.2916401
1405.jpg	0.06894279
1406.jpg	0.61665577
1407.jpg	0.5142384
1408.jpg	0.27072033
2130.jpg	0.028155094
2131.jpg	7.8605844e-05
2132.jpg	0.34646142
2133.jpg	0.69333625
2134.jpg	0.29814246
2135.jpg	0.037335694
2136.jpg	0.9946544
2137.jpg	0.93753797
2138.jpg	0.025282705
2139.jpg	0.9735563
214.jpg	0.029896699
2140.jpg	0.83804816
2141.jpg	0.42579165
2142.jpg	0.93798476
2143.jpg	0.89228445
2144.jpg	0.87297416
2145.jpg	0.1582433
2146.jpg	0.8443992
2147.jpg	0.98102623
2148.jpg	0.26061833
2149.jpg	0.9758026
215.jpg	0.9935364
2150.jpg	0.051533606
2151.jpg	0.0015720864
2152.jpg	0.0069476073
2153.jpg	0.2261766
2154.jpg	0.0011516112
2155.jpg	0.33711565
2156.jpg	0.007773053
2157.jpg	0.011728286
2158.jpg	0.0022728767
2159.jpg	0.04365422
1784.jpg	0.007227753
1785.jpg	0.20764206
1786.jpg	0.29004222
1787.jpg	0.000106250285
1788.jpg	0.06773419
1789.jpg	0.4647418
179.jpg	0.013081688
1790.jpg	0.97873
1791.jpg	0.036495462
1792.jpg	0.019616602
1793.jpg	0.9875258
1794.jpg	0.1030836
1795.jpg	0.0046115676
1796.jpg	0.4729616
1797.jpg	0.61517406
1798.jpg	0.0012920869
1799.jpg	0.7101952
18.jpg	0.97112983
180.jpg	0.9316701
1800.jpg	0.03156371
1801.jpg	0.9207763
1802.jpg	0.9966545
773.jpg	0.0032489828
774.jpg	0.14498565
775.jpg	0.63174015
776.jpg	6.23344e-05
777.jpg	0.26142067
778.jpg	0.051280636
779.jpg	0.01843564
78.jpg	0.8889426
780.jpg	0.88272
781.jpg	9.26139e-05
782.jpg	0.38056326
783.jpg	0.98100555
784.jpg	0.64587206
785.jpg	0.00768764
786.jpg	0.8067946
787.jpg	0.6857292
788.jpg	0.029426036
789.jpg	0.46832523
79.jpg	0.0045930394
790.jpg	0.98776066
791.jpg	0.51849484
792.jpg	0.29047522
793.jpg	0.00080668303
794.jpg	0.00017558964
795.jpg	0.8607377
796.jpg	0.98964757
797.jpg	0.3121889
798.jpg	0.011392194
799.jpg	0.92631143
8.jpg	0.055860728
80.jpg	0.8620583
800.jpg	0.6796312
801.jpg	0.0275531
802.jpg	0.9726499
803.jpg	0.06589015
804.jpg	0.043452743
805.jpg	0.025565958
806.jpg	0.0066485154
807.jpg	0.21578051
4361.jpg	0.9888287
4362.jpg	0.9436272
4363.jpg	0.39726356
4364.jpg	0.9494344
4365.jpg	4.0545547e-06
4366.jpg	0.2305607
4367.jpg	0.77140015
4368.jpg	0.23217939
4369.jpg	0.3109169
437.jpg	0.8595456
4370.jpg	0.96746105
4371.jpg	0.09493835
4372.jpg	0.98429686
4373.jpg	0.0005734012
4374.jpg	0.5966828
4375.jpg	0.6850607
4376.jpg	0.35862312
4377.jpg	0.02731135
4378.jpg	0.96904075
4379.jpg	0.99664056
438.jpg	4.7273035e-05
4380.jpg	0.9901777
4948.jpg	0.0044623134
4949.jpg	0.66218656
495.jpg	0.90282905
4950.jpg	0.10341988
4951.jpg	0.96019477
4952.jpg	0.86939687
4953.jpg	0.12904723
4954.jpg	0.00031812146
4955.jpg	0.12836249
4956.jpg	0.12738998
4957.jpg	0.5601999
4958.jpg	0.004600283
4959.jpg	0.16818826
496.jpg	0.2161692
4960.jpg	0.04176071
4961.jpg	0.19500433
4962.jpg	0.7887982
4963.jpg	0.7307446
4964.jpg	0.15322591
4965.jpg	1.5167011e-05
4966.jpg	0.01688867
4967.jpg	0.93083614
4968.jpg	0.8377761
4969.jpg	0.012152149
497.jpg	0.00038658877
4970.jpg	0.4909736
4971.jpg	0.1083457
4972.jpg	0.79826283
4973.jpg	0.018032672
4974.jpg	0.026183147
199.jpg	0.68782675
1990.jpg	0.14031151
1991.jpg	0.049909096
1992.jpg	0.0601024
1993.jpg	0.006086095
1994.jpg	0.60726726
1995.jpg	0.06393183
1996.jpg	0.74521476
1997.jpg	0.014052457
1998.jpg	0.93543816
1999.jpg	0.803361
2.jpg	0.000367954
20.jpg	0.0039663487
200.jpg	0.0007201885
2000.jpg	0.9450579
2001.jpg	0.88835937
2002.jpg	0.30351204
2003.jpg	0.2535222
2004.jpg	0.0016314012
2005.jpg	0.38605493
2006.jpg	0.026718536
2007.jpg	0.058099728
2008.jpg	0.7332073
2009.jpg	0.86161387
201.jpg	0.72640485
2010.jpg	0.40902776
2011.jpg	0.08581078
2012.jpg	0.7259914
590.jpg	0.15621516
591.jpg	0.009146798
592.jpg	0.830458
593.jpg	0.10667024
594.jpg	0.4515959
595.jpg	0.20071425
596.jpg	0.40146893
597.jpg	0.52642983
598.jpg	0.16801664
599.jpg	0.85994667
6.jpg	0.011924907
60.jpg	0.27757275
600.jpg	0.01637943
601.jpg	0.0006441232
602.jpg	0.4759002
603.jpg	0.074411705
604.jpg	0.0144775
605.jpg	0.1703556
606.jpg	0.017724764
607.jpg	0.0010954797
608.jpg	0.8706021
609.jpg	0.10926062
3355.jpg	0.8771485
3356.jpg	0.026935073
3357.jpg	0.000450846
3358.jpg	0.00033120916
3359.jpg	4.640208e-05
336.jpg	0.7053206
3360.jpg	0.67742896
3361.jpg	0.0048153414
3362.jpg	0.019300118
3363.jpg	0.7833578
3364.jpg	0.17583102
3365.jpg	0.14700256
3366.jpg	0.00022876762
3367.jpg	0.9884497
3368.jpg	0.0006418796
3369.jpg	0.0041500414
337.jpg	0.007611173
3370.jpg	0.091672815
3371.jpg	0.17730694
3372.jpg	0.059735503
3373.jpg	0.5641937
3374.jpg	0.0013856104
3375.jpg	0.31054768
3376.jpg	0.0075107515
3377.jpg	0.93945944
3378.jpg	0.8476586
3379.jpg	0.46415785
4566.jpg	0.75937104
4567.jpg	0.0023155801
4568.jpg	0.0017570348
4569.jpg	0.949361
457.jpg	0.2082841
4570.jpg	0.05593394
4571.jpg	0.542932
4572.jpg	0.010955309
4573.jpg	0.07461989
4574.jpg	0.903143
4575.jpg	0.97060466
4576.jpg	0.21173614
4577.jpg	0.9488415
4578.jpg	0.96407485
4579.jpg	0.00032931622
458.jpg	0.0032992407
4580.jpg	0.7395658
4581.jpg	0.5731875
4582.jpg	0.4494114
4583.jpg	0.08397529
4584.jpg	0.0100259725
4585.jpg	0.9717407
4586.jpg	0.009422359
338.jpg	0.96933216
3397.jpg	0.8597063
3418.jpg	0.9496439
3437.jpg	0.91871375
3465.jpg	0.0036772331
3487.jpg	0.13384008
3510.jpg	0.25896072
3533.jpg	0.5900255
3553.jpg	0.0049056057
3578.jpg	0.013484542
36.jpg	0.15723884
3632.jpg	0.005164119
3656.jpg	0.13514365
3680.jpg	0.98328096
370.jpg	3.7758637e-05
3730.jpg	0.9733691
3750.jpg	0.00027935818
377.jpg	0.0019465821
3790.jpg	0.007037553
3814.jpg	0.4688168
3843.jpg	0.9495515
969.jpg	0.4477448
97.jpg	0.20779046
970.jpg	0.070086434
971.jpg	0.00025575465
972.jpg	0.6896152
973.jpg	0.94089717
974.jpg	0.02655574
975.jpg	0.98956937
976.jpg	0.97520036
977.jpg	0.89469856
978.jpg	0.8364981
979.jpg	0.98828053
98.jpg	0.0050998377
980.jpg	0.24695404
981.jpg	0.94971937
982.jpg	0.0112449005
983.jpg	0.9997701
984.jpg	0.91357726
985.jpg	0.5315337
986.jpg	0.011450393
987.jpg	0.19589649
988.jpg	0.96012706
989.jpg	0.6927528
99.jpg	0.048752524
990.jpg	0.49189314
991.jpg	0.8271868
992.jpg	0.8523786
993.jpg	0.78347456
994.jpg	0.0035756854
995.jpg	0.93776584
996.jpg	0.03159155
997.jpg	0.026691644
998.jpg	0.9943737
999.jpg	0.29690993
3184.jpg	0.40173978
3185.jpg	0.21312508
3186.jpg	0.5048306
3187.jpg	0.6567113
3188.jpg	0.97344196
3189.jpg	0.0023468917
319.jpg	0.75560784
3190.jpg	0.9703433
3191.jpg	0.004779299
3192.jpg	0.005148152
3193.jpg	0.014463912
3194.jpg	0.988992
3195.jpg	0.05680188
3196.jpg	0.13948464
3197.jpg	0.69789433
3198.jpg	0.026327292
3199.jpg	0.9124492
32.jpg	0.23034073
320.jpg	0.83072215
3751.jpg	0.0027301228
3752.jpg	0.11834781
3753.jpg	0.98153085
3754.jpg	0.795246
3755.jpg	0.047158558
3756.jpg	0.6731509
3757.jpg	0.992272
3758.jpg	0.0064066225
3759.jpg	0.17756024
376.jpg	0.81609285
3760.jpg	0.00069469924
3761.jpg	0.014633042
3762.jpg	0.98704773
3763.jpg	0.0077270553
3764.jpg	0.8097717
3765.jpg	0.0004953858
3766.jpg	0.6073505
3767.jpg	0.048660234
3768.jpg	0.47508377
3769.jpg	0.5585095
4164.jpg	0.9580448
4165.jpg	0.14715755
4166.jpg	0.9983156
4167.jpg	0.9001907
4168.jpg	0.81450015
4169.jpg	0.46820468
417.jpg	0.85627186
4170.jpg	0.00012283424
4171.jpg	0.04383998
4172.jpg	0.33263314
4173.jpg	0.8660462
4174.jpg	0.12367722
4175.jpg	0.24596435
4176.jpg	0.9908125
4177.jpg	0.9408195
4178.jpg	0.38510746
4179.jpg	0.78433496
418.jpg	0.687639
4180.jpg	0.9052916
4181.jpg	0.3715747
2514.jpg	0.88740665
2515.jpg	0.4596717
2516.jpg	0.78710675
2517.jpg	0.16543272
2518.jpg	0.30849978
2519.jpg	0.055991326
252.jpg	0.9339185
2520.jpg	0.070685364
2521.jpg	0.19142538
2522.jpg	0.05610848
2523.jpg	0.00045052814
2524.jpg	0.64099723
2525.jpg	0.032494348
2526.jpg	0.10274777
2527.jpg	0.59464693
2528.jpg	0.024121452
2529.jpg	0.97248864
253.jpg	0.46644104
2530.jpg	0.0005415195
2531.jpg	0.49922526
2532.jpg	0.9635806
2937.jpg	0.9592422
2938.jpg	0.94339925
2939.jpg	0.00030299218
294.jpg	0.58809847
2940.jpg	0.318799
2941.jpg	0.986027
2942.jpg	0.037325773
2943.jpg	0.0051077697
2944.jpg	0.06709931
2945.jpg	0.050220355
2946.jpg	0.021945609
2947.jpg	0.015182176
2948.jpg	0.88446385
2949.jpg	0.4639763
295.jpg	0.9982424
2950.jpg	0.026191223
2951.jpg	1.1610309e-05
2952.jpg	0.0018537194
2953.jpg	0.85501146
2954.jpg	0.023483891
2955.jpg	0.7658693
2956.jpg	0.6843498
2329.jpg	0.11148095
233.jpg	0.19234121
2330.jpg	0.035365324
2331.jpg	0.89256597
2332.jpg	0.019705173
2333.jpg	0.27131277
2334.jpg	0.10457554
2335.jpg	0.48297605
2336.jpg	0.6369585
2337.jpg	0.9434376
2338.jpg	0.7075062
2339.jpg	0.09640847
234.jpg	0.98589534
2340.jpg	0.7080025
2341.jpg	0.23493516
2342.jpg	0.010199316
2343.jpg	0.4186465
2344.jpg	0.13527653
2345.jpg	0.6791037
2346.jpg	0.79255563
2347.jpg	0.0025338454
2348.jpg	0.002143037
2349.jpg	0.937518
235.jpg	0.9841955
2350.jpg	0.25470498
2351.jpg	0.9397962
2352.jpg	0.43089077
2353.jpg	0.057575617
3438.jpg	0.96192575
3439.jpg	0.7050478
344.jpg	0.13384354
3440.jpg	0.07914098
3441.jpg	0.93764174
3442.jpg	0.05021296
3443.jpg	0.5312728
3444.jpg	0.0017109099
3445.jpg	0.73583984
3446.jpg	0.01786083
3447.jpg	0.0019859532
3448.jpg	0.9329927
3449.jpg	0.016294114
345.jpg	0.08480007
3450.jpg	0.65188605
3451.jpg	0.2810297
3452.jpg	0.00051722064
3453.jpg	0.62014747
3454.jpg	0.60562927
3455.jpg	0.93438214
3456.jpg	0.008973369
3457.jpg	0.5630682
3458.jpg	0.6419539
3459.jpg	0.78098905
346.jpg	0.9532951
3460.jpg	0.9723032
3461.jpg	0.23499839
3462.jpg	0.9077566
3463.jpg	0.97183704
3464.jpg	0.00011324658
1038.jpg	0.42433026
1039.jpg	0.3433945
104.jpg	0.833536
1040.jpg	0.18917567
1041.jpg	0.9931235
1042.jpg	0.9904394
1043.jpg	0.8561167
1044.jpg	0.8566012
1045.jpg	0.36492142
1046.jpg	0.7170812
1047.jpg	0.17680894
1048.jpg	0.103683665
1049.jpg	0.34616855
105.jpg	0.47852716
1050.jpg	0.5332078
1051.jpg	0.1619597
1052.jpg	0.11478652
1053.jpg	0.33698565
1054.jpg	0.31224373
1055.jpg	0.8701074
1056.jpg	0.7970927
1057.jpg	0.034263663
1058.jpg	0.9860233
1059.jpg	0.73118395
106.jpg	0.23017947
1060.jpg	0.41382408
1061.jpg	0.004797828
1062.jpg	0.989451
1063.jpg	0.040997557
1064.jpg	0.91192436
1065.jpg	0.010629028
4763.jpg	0.083968185
4764.jpg	0.82316965
4765.jpg	0.21644254
4766.jpg	0.33614892
4767.jpg	0.89379627
4768.jpg	0.026892776
4769.jpg	0.99839383
477.jpg	0.55052227
4770.jpg	0.9769771
4771.jpg	0.23320448
4772.jpg	0.7950195
4773.jpg	0.82447237
4774.jpg	0.905205
4775.jpg	0.02547172
4776.jpg	0.84927666
4777.jpg	0.07297154
4778.jpg	0.866723
4779.jpg	0.36977747
478.jpg	0.72637695
4780.jpg	0.98021084
4781.jpg	0.18611062
4782.jpg	0.9071432
4783.jpg	0.98483884
1635.jpg	0.9808441
1636.jpg	0.06838719
1637.jpg	0.23963968
1638.jpg	0.026994586
1639.jpg	0.09773188
164.jpg	0.1239033
1640.jpg	0.6714374
1641.jpg	0.7312298
1642.jpg	0.004221345
1643.jpg	0.905826
1644.jpg	0.9846656
1645.jpg	0.6956539
1646.jpg	0.9111089
1647.jpg	0.12402291
1648.jpg	0.9989126
1649.jpg	0.10631685
165.jpg	0.0092683025
1650.jpg	0.9911344
1651.jpg	0.7373025
1652.jpg	0.37602028
1653.jpg	0.38359782
1654.jpg	0.008791517
1655.jpg	0.8814811
1656.jpg	0.8584322
3815.jpg	0.00516456
3816.jpg	0.0026659626
3817.jpg	0.0033543645
3818.jpg	0.08627597
3819.jpg	0.27166477
382.jpg	0.984766
3820.jpg	0.0027508459
3821.jpg	0.14311986
3822.jpg	0.05681283
3823.jpg	0.9827005
3824.jpg	0.87352115
3825.jpg	0.92324686
3826.jpg	0.030895071
3827.jpg	0.24061094
3828.jpg	0.64977497
3829.jpg	0.014281759
383.jpg	0.85265654
3830.jpg	0.9552391
3831.jpg	0.71525687
3832.jpg	0.361808
3833.jpg	2.0715848e-05
3834.jpg	0.020220103
3835.jpg	0.5112083
3836.jpg	0.0014327302
3837.jpg	0.11519682
3838.jpg	0.005278909
3839.jpg	0.72204286
384.jpg	0.20910658
3840.jpg	0.7926618
3841.jpg	0.16107008
3842.jpg	0.21282752
2708.jpg	0.57719547
2709.jpg	0.00706683
271.jpg	0.99736834
2710.jpg	0.8852204
2711.jpg	0.0035644392
2712.jpg	0.89948523
2713.jpg	7.0296024e-05
2714.jpg	0.7826839
2715.jpg	0.0005988057
2716.jpg	0.9503015
2717.jpg	0.96993893
2718.jpg	0.48515072
2719.jpg	0.06884081
272.jpg	0.9877229
2720.jpg	0.78892773
2721.jpg	0.54227513
2722.jpg	0.998645
2723.jpg	0.00082113856
2724.jpg	0.8640891
2725.jpg	0.24228868
2726.jpg	0.9770611
1352.jpg	0.82111794
1353.jpg	0.08846979
1354.jpg	0.15544753
1355.jpg	0.9184645
1356.jpg	0.077350646
1357.jpg	0.9937937
1358.jpg	0.17997992
1359.jpg	0.01203772
136.jpg	0.89702815
1360.jpg	0.57502836
1361.jpg	0.1456837
1362.jpg	0.0045033665
1363.jpg	0.54049915
1364.jpg	0.90536827
1365.jpg	0.99993193
1366.jpg	0.020170914
1367.jpg	0.9903771
1368.jpg	0.083904006
1369.jpg	0.02855065
137.jpg	0.00026410838
3027.jpg	0.97172934
3028.jpg	0.016468585
3029.jpg	0.041425213
303.jpg	0.9814554
3030.jpg	0.010782279
3031.jpg	0.00021556125
3032.jpg	0.020714588
3033.jpg	0.949285
3034.jpg	0.9482475
3035.jpg	0.013461713
3036.jpg	0.0018813547
3037.jpg	0.013374665
3038.jpg	0.9973961
3039.jpg	0.17401898
304.jpg	0.989916
3040.jpg	0.42902416
3041.jpg	0.94713724
3042.jpg	0.8657829
3043.jpg	0.06597456
3044.jpg	0.056019057
3045.jpg	0.95483476
3046.jpg	0.00446045
3047.jpg	0.8141439
3048.jpg	0.11408892
4843.jpg	0.056426425
4844.jpg	0.013676672
4845.jpg	0.01415238
4846.jpg	0.95644367
4847.jpg	0.053589124
4848.jpg	0.5749848
4849.jpg	0.0008889883
485.jpg	0.98180586
4850.jpg	0.9998492
4851.jpg	0.87926257
4852.jpg	0.12429027
4853.jpg	0.41467237
4854.jpg	0.9298646
4855.jpg	0.28008986
4856.jpg	0.041311674
4857.jpg	0.4818208
4858.jpg	0.0024071054
4859.jpg	0.21987846
486.jpg	0.12536168
1428.jpg	0.45580986
1429.jpg	3.3775144e-05
143.jpg	0.7826243
1430.jpg	0.9643874
1431.jpg	0.37840432
1432.jpg	0.0027266429
1433.jpg	0.89129686
1434.jpg	0.007767839
1435.jpg	0.08191419
1436.jpg	0.04187897
1437.jpg	0.9026734
1438.jpg	0.919965
1439.jpg	0.08508439
144.jpg	0.9175702
1440.jpg	0.81691855
1441.jpg	0.9905618
1442.jpg	0.053364825
1443.jpg	0.34241867
1444.jpg	0.22019553
1445.jpg	0.34969637
1446.jpg	0.7365886
1447.jpg	0.23471865
1448.jpg	0.9988943
1449.jpg	0.15621501
145.jpg	0.9978636
1450.jpg	0.0046781176
1451.jpg	0.6724752
3298.jpg	0.78432775
3299.jpg	0.47018853
33.jpg	0.053985555
330.jpg	0.22292846
3300.jpg	0.036075767
3301.jpg	0.85418504
3302.jpg	0.0016679793
3303.jpg	0.0031029654
3304.jpg	0.98570096
3305.jpg	0.14063513
3306.jpg	0.43750113
3307.jpg	0.99991655
3308.jpg	0.00018109023
3309.jpg	0.012440119
331.jpg	0.29469606
3310.jpg	0.90757906
3311.jpg	0.9859877
3312.jpg	0.6452578
3313.jpg	0.0019395595
3314.jpg	0.8534967
3315.jpg	0.0048382552
3316.jpg	0.24232441
3317.jpg	0.24421993
3318.jpg	0.00032984692
3319.jpg	0.9955396
332.jpg	0.27993315
3320.jpg	0.6237279
3321.jpg	0.99318975
3322.jpg	0.8438565
3323.jpg	0.009296823
3324.jpg	0.9628105
3325.jpg	0.8698812
3326.jpg	0.0016012585
3327.jpg	0.43874803
3328.jpg	0.8689383
3329.jpg	0.9028593
333.jpg	0.8769431
3330.jpg	0.08003738
2259.jpg	0.15528655
226.jpg	0.17289352
2260.jpg	0.00089856965
2261.jpg	0.9402311
2262.jpg	0.8688769
2263.jpg	0.38926616
2264.jpg	0.9840546
2265.jpg	5.603313e-06
2266.jpg	0.9826469
2267.jpg	0.9635314
2268.jpg	0.042372096
2269.jpg	0.0120742265
227.jpg	0.8211303
2270.jpg	0.8770581
2271.jpg	0.31825796
2272.jpg	0.34362647
2273.jpg	0.5376206
2274.jpg	0.9981688
2275.jpg	0.5826966
2276.jpg	0.58195865
2277.jpg	0.9861128
2278.jpg	0.5172584
2279.jpg	0.010198277
228.jpg	0.37618676
2280.jpg	0.018357832
2281.jpg	0.017196603
2282.jpg	0.92782366
2283.jpg	0.97493255
2284.jpg	0.8409408
2285.jpg	0.4644398
2286.jpg	0.8008998
2287.jpg	0.0020761627
2288.jpg	0.67368096
91.jpg	0.9487462
910.jpg	0.93697953
911.jpg	0.010520346
912.jpg	0.30823186
913.jpg	0.9632819
914.jpg	1.642643e-05
915.jpg	0.9240629
916.jpg	0.9704276
917.jpg	0.83117896
918.jpg	0.11755495
919.jpg	0.020459557
92.jpg	0.71239036
920.jpg	0.7720682
921.jpg	0.94531167
922.jpg	0.4323407
923.jpg	0.74263966
924.jpg	0.11556743
925.jpg	0.090188496
926.jpg	0.48066095
927.jpg	0.13218415
928.jpg	0.9940143
929.jpg	0.6617204
93.jpg	0.061594136
930.jpg	0.66212696
931.jpg	0.13087091
932.jpg	0.00107921
3700.jpg	0.71462774
3701.jpg	0.9428511
3702.jpg	5.0799567e-06
3703.jpg	0.65489024
3704.jpg	0.24037956
3705.jpg	0.3778937
3706.jpg	0.97201896
3707.jpg	0.43114248
3708.jpg	0.02534122
3709.jpg	0.03326565
371.jpg	0.15044972
3710.jpg	0.6666496
3711.jpg	0.034262292
3712.jpg	0.13150075
3713.jpg	0.9901966
3714.jpg	0.101973355
3715.jpg	0.0010211588
3716.jpg	0.9769281
3717.jpg	0.021588087
3718.jpg	0.16572344
3719.jpg	0.045768432
372.jpg	0.3412363
3720.jpg	0.8797847
3721.jpg	7.323647e-05
3722.jpg	0.03157361
3723.jpg	0.69353026
3724.jpg	0.24453424
3725.jpg	0.8202118
3726.jpg	0.26700377
3727.jpg	0.95875853
3728.jpg	0.34787884
3729.jpg	0.7877059
373.jpg	0.3883813
4666.jpg	0.84073997
4667.jpg	0.9957534
4668.jpg	0.7935764
4669.jpg	0.2812077
467.jpg	0.8858275
4670.jpg	0.9518008
4671.jpg	0.99068624
4672.jpg	0.023533203
4673.jpg	0.66600156
4674.jpg	0.8334349
4675.jpg	0.9148953
4676.jpg	0.708909
4677.jpg	0.020405576
4678.jpg	0.0018880357
4679.jpg	0.0020866215
468.jpg	0.9411101
4680.jpg	0.9985827
4681.jpg	0.021903696
4682.jpg	0.70397824
4683.jpg	0.8378714
4684.jpg	0.44861817
4685.jpg	0.9847953
4686.jpg	0.3528668
4687.jpg	0.98931026
1142.jpg	0.087479666
1143.jpg	0.976227
1144.jpg	0.95238173
1145.jpg	0.20546177
1146.jpg	0.96656114
1147.jpg	0.82874066
1148.jpg	0.04592264
1149.jpg	0.15590781
115.jpg	0.9902412
1150.jpg	0.5918087
1151.jpg	0.001416193
1152.jpg	0.9416319
1153.jpg	0.94876134
1154.jpg	0.38945317
1155.jpg	0.0137140555
1156.jpg	0.2441987
1157.jpg	0.066653416
1158.jpg	0.0018942407
1159.jpg	0.0022653285
196.jpg	0.37961662
1960.jpg	0.58594906
1961.jpg	0.00237847
1962.jpg	0.9197314
1963.jpg	0.5801559
1964.jpg	0.99044925
1965.jpg	0.6013368
1966.jpg	0.01597131
1967.jpg	0.0004104727
1968.jpg	0.03630314
1969.jpg	0.97226816
197.jpg	0.9992416
1970.jpg	0.031945936
1971.jpg	0.013109828
1972.jpg	0.9314748
1973.jpg	0.004180918
1974.jpg	0.7476102
1975.jpg	0.043172922
1976.jpg	0.8577156
1977.jpg	0.9543271
1978.jpg	0.024180204
1979.jpg	0.8999429
198.jpg	0.032578435
1980.jpg	0.5666926
1981.jpg	0.09521261
1982.jpg	0.07463131
1983.jpg	0.8693185
1984.jpg	0.47601405
1985.jpg	0.42055303
1986.jpg	0.2910263
1987.jpg	0.74247485
1988.jpg	0.92143136
2607.jpg	0.7389563
2608.jpg	0.0051434063
2609.jpg	0.10433077
261.jpg	0.42183197
2610.jpg	0.36993423
2611.jpg	0.7892202
2612.jpg	0.9006919
2613.jpg	0.031939648
2614.jpg	0.043902606
2615.jpg	0.8753343
2616.jpg	0.03466638
2617.jpg	0.96366596
2618.jpg	0.03847839
2619.jpg	0.54675496
262.jpg	0.81361324
2620.jpg	0.76262295
2621.jpg	0.23971169
2622.jpg	0.021287784
2623.jpg	0.9606584
2624.jpg	0.26409572
2625.jpg	0.24198477
2626.jpg	0.0061229113
2627.jpg	0.046416827
2628.jpg	0.9854602
2629.jpg	0.0030996187
4261.jpg	0.059542928
4262.jpg	0.01762819
4263.jpg	5.7093708e-05
4264.jpg	0.00018626553
4265.jpg	0.66289
4266.jpg	0.922314
4267.jpg	0.89763063
4268.jpg	0.047089715
4269.jpg	0.027596533
427.jpg	0.94941753
4270.jpg	0.99734735
4271.jpg	0.99139285
4272.jpg	0.00012987928
4273.jpg	3.1195665e-05
4274.jpg	0.7802809
4275.jpg	0.96558625
4276.jpg	0.4298699
4277.jpg	0.0079078
4278.jpg	0.8741271
4279.jpg	0.0009226424
428.jpg	0.97087693
4474.jpg	0.9208435
4475.jpg	0.5052108
4476.jpg	0.09319179
4477.jpg	7.92431e-06
4478.jpg	0.011859775
4479.jpg	0.9646346
448.jpg	0.8764589
4480.jpg	0.8333665
4481.jpg	0.32273144
4482.jpg	0.040769786
4483.jpg	0.57218987
4484.jpg	0.3896796
4485.jpg	0.07698417
4486.jpg	0.9258134
4487.jpg	0.20382488
4488.jpg	0.67818856
4489.jpg	0.047751255
449.jpg	0.083118215
4490.jpg	0.90546256
4491.jpg	0.24796182
714.jpg	0.9857788
715.jpg	0.012989385
716.jpg	0.9005474
717.jpg	0.010013685
718.jpg	0.767679
719.jpg	3.885537e-05
72.jpg	0.7870207
720.jpg	4.933393e-05
721.jpg	0.027920153
722.jpg	0.001703589
723.jpg	0.36137885
724.jpg	0.013863843
725.jpg	0.6271574
726.jpg	0.7607418
727.jpg	0.007289602
728.jpg	0.0011900913
729.jpg	0.5488353
73.jpg	0.9753449
730.jpg	0.0015766916
731.jpg	0.9689145
732.jpg	0.5382835
733.jpg	0.9824898
734.jpg	0.24459195
3534.jpg	0.21661794
3535.jpg	0.071600914
3536.jpg	0.022312919
3537.jpg	0.5639643
3538.jpg	0.07327962
3539.jpg	0.93185645
354.jpg	0.7474611
3540.jpg	0.06433655
3541.jpg	0.99781954
3542.jpg	0.0008813739
3543.jpg	0.5860994
3544.jpg	0.018560696
3545.jpg	0.581872
3546.jpg	0.022955954
3547.jpg	0.16687472
3548.jpg	0.9524789
3549.jpg	0.0013527843
355.jpg	0.42650822
3550.jpg	0.64204323
3551.jpg	0.00026418068
3552.jpg	0.2906551
1293.jpg	0.0039860336
1294.jpg	0.98157686
1295.jpg	0.1906656
1296.jpg	0.9797029
1297.jpg	0.01854066
1298.jpg	0.9214155
1299.jpg	0.52989095
13.jpg	0.28488448
130.jpg	0.14162958
1300.jpg	0.32054427
1301.jpg	0.37439367
1302.jpg	0.08377692
1303.jpg	0.4741105
1304.jpg	0.044756535
1305.jpg	0.97318494
1306.jpg	0.17645018
1307.jpg	0.428342
1308.jpg	0.6411962
1309.jpg	0.2072818
131.jpg	0.9702684
1310.jpg	0.57541
1311.jpg	0.06773383
1312.jpg	0.14646845
1313.jpg	0.7474477
1314.jpg	0.00023275452
1315.jpg	0.026313117
1316.jpg	0.84771127
1317.jpg	0.10592072
1318.jpg	0.3179774
1319.jpg	0.90960556
132.jpg	0.44786647
1320.jpg	0.001929458
1321.jpg	0.9983462
1322.jpg	0.89708763
1323.jpg	0.9975509
1324.jpg	0.11998588
1325.jpg	0.9118954
1326.jpg	0.0982007
4103.jpg	0.990755
4104.jpg	0.00058028416
4105.jpg	0.13593255
4106.jpg	0.44094637
4107.jpg	0.34643555
4108.jpg	0.4492116
4109.jpg	0.10857759
411.jpg	0.00040452316
4110.jpg	0.9394766
4111.jpg	0.0028337042
4112.jpg	0.9234193
4113.jpg	0.32103541
4114.jpg	0.40187204
4115.jpg	0.36736882
4116.jpg	0.5858413
4117.jpg	0.0035981433
4118.jpg	0.020624852
4119.jpg	0.001182106
412.jpg	0.29063538
4120.jpg	0.20117064
4121.jpg	0.9037267
1695.jpg	0.6606208
1696.jpg	0.2190169
1697.jpg	1.9835617e-05
1698.jpg	0.31480742
1699.jpg	0.9733706
17.jpg	0.4441209
170.jpg	0.0009989119
1700.jpg	0.10456076
1701.jpg	0.9950663
1702.jpg	0.8299032
1703.jpg	0.32124346
1704.jpg	0.008748729
1705.jpg	0.94464713
1706.jpg	0.00043121222
1707.jpg	0.61097145
1708.jpg	0.9773268
1709.jpg	0.011611364
171.jpg	0.99131024
1710.jpg	0.0006553365
1711.jpg	0.0027530915
1712.jpg	0.9958703
1713.jpg	0.09831534
1714.jpg	2.3066197e-05
1715.jpg	0.23996368
1716.jpg	0.17325859
1717.jpg	0.78475946
1718.jpg	0.0001390537
1719.jpg	0.9037049
172.jpg	0.49748123
2411.jpg	0.025429703
2412.jpg	0.99620557
2413.jpg	0.04704511
2414.jpg	0.019281222
2415.jpg	0.40687308
2416.jpg	0.0053160717
2417.jpg	0.83926827
2418.jpg	0.64790744
2419.jpg	0.39968485
242.jpg	0.8960614
2420.jpg	0.014380179
2421.jpg	0.9656969
2422.jpg	0.104165636
2423.jpg	0.8715072
2424.jpg	0.04035782
2425.jpg	0.070449784
2426.jpg	0.21201612
2427.jpg	0.12400436
2428.jpg	0.30604723
2429.jpg	0.019657388
243.jpg	0.6781653
2430.jpg	0.2855565
2431.jpg	0.75477713
2105.jpg	0.872168
213.jpg	0.04721683
216.jpg	0.17784551
2177.jpg	0.5161952
2209.jpg	0.9624886
2228.jpg	0.8959688
2258.jpg	0.054496393
2289.jpg	0.0080613205
2309.jpg	0.9121712
2328.jpg	0.24628904
2354.jpg	0.94408864
2373.jpg	0.21200854
2393.jpg	0.06203734
2410.jpg	0.5072812
2432.jpg	0.97715265
2452.jpg	0.58975095
2472.jpg	0.8091576
2492.jpg	0.7039203
2513.jpg	0.7754888
2533.jpg	0.06358089
2551.jpg	0.9721087
2570.jpg	0.64880896
2589.jpg	0.03189483
2606.jpg	0.9412972
263.jpg	0.8182202
2649.jpg	0.9948619
2667.jpg	0.4265
2688.jpg	0.78586054
2707.jpg	0.53225785
2727.jpg	0.16068473
2746.jpg	0.14522298
3081.jpg	0.991117
3082.jpg	0.7911327
3083.jpg	9.29455e-05
3084.jpg	0.33362192
3085.jpg	0.59042037
3086.jpg	0.6518423
3087.jpg	0.97427046
3088.jpg	0.02173446
3089.jpg	0.10468344
309.jpg	0.9652717
3090.jpg	0.8975807
3091.jpg	0.68242943
3092.jpg	0.00072302436
3093.jpg	0.7299996
3094.jpg	0.04078115
3095.jpg	9.1833335e-06
3096.jpg	0.8872134
3097.jpg	0.054246083
3098.jpg	0.014054811
3099.jpg	2.6157422e-06
31.jpg	0.0021780834
2767.jpg	0.044028323
2768.jpg	0.45082766
2769.jpg	0.5494329
277.jpg	0.07195118
2770.jpg	0.026017386
2771.jpg	0.12146116
2772.jpg	0.004876716
2773.jpg	0.46675128
2774.jpg	0.2082344
2775.jpg	0.99694
2776.jpg	0.85327274
2777.jpg	0.9733276
2778.jpg	0.8266502
2779.jpg	0.056100734
278.jpg	0.8302704
2780.jpg	0.004484223
2781.jpg	0.34542793
2782.jpg	0.97754663
2783.jpg	0.488244
2784.jpg	0.0006297016
2785.jpg	0.5586841
2786.jpg	0.010740775
2787.jpg	0.0031917684
2788.jpg	0.9962251
2789.jpg	0.023061525
279.jpg	0.85890085
2790.jpg	0.19242986
1482.jpg	0.8900498
1483.jpg	0.25161305
1484.jpg	0.07903756
1485.jpg	0.0005365548
1486.jpg	0.7285238
1487.jpg	0.8123789
1488.jpg	0.00011396546
1489.jpg	0.9984895
149.jpg	0.989808
1490.jpg	0.017615246
1491.jpg	0.15336303
1492.jpg	0.4056379
1493.jpg	0.6835031
1494.jpg	0.06930259
1495.jpg	0.6729063
1496.jpg	0.021650732
1497.jpg	0.7226096
1498.jpg	0.028692741
1499.jpg	0.9515005
15.jpg	0.8294078
150.jpg	0.011051597
1500.jpg	0.026250297
1501.jpg	0.9905742
1502.jpg	0.7402971
1503.jpg	0.542079
1504.jpg	0.0145671
1505.jpg	0.67362183
1506.jpg	0.06568233
1507.jpg	0.33147043
1508.jpg	0.1861271
389.jpg	0.47591564
3890.jpg	0.00345848
3891.jpg	0.97443306
3892.jpg	0.9951975
3893.jpg	0.28071412
3894.jpg	0.13213967
3895.jpg	0.5528345
3896.jpg	0.00741969
3897.jpg	0.90583056
3898.jpg	0.11486204
3899.jpg	0.93940943
39.jpg	0.37932494
390.jpg	0.03506442
3900.jpg	0.018485537
3901.jpg	0.302043
3902.jpg	0.93796295
3903.jpg	0.7777785
3904.jpg	0.57526
3905.jpg	0.9855597
3906.jpg	0.6973722
3907.jpg	0.38432658
3908.jpg	0.9537135
3909.jpg	0.00676683
391.jpg	0.22034499
3910.jpg	0.004954068
3911.jpg	0.15808317
3912.jpg	0.0009820547
3913.jpg	0.015071043
3914.jpg	0.056546237
491.jpg	0.001157202
4910.jpg	0.20836967
4911.jpg	0.0013528449
4912.jpg	0.99558604
4913.jpg	0.9068933
4914.jpg	0.28246436
4915.jpg	0.9690986
4916.jpg	0.06585098
4917.jpg	0.08411152
4918.jpg	0.00019481183
4919.jpg	0.34197944
492.jpg	0.0034616073
4920.jpg	0.5476408
4921.jpg	0.9520833
4922.jpg	0.008782072
4923.jpg	0.13098615
4924.jpg	0.93423396
4925.jpg	0.00030998184
4926.jpg	0.31468093
4927.jpg	0.01944792
4928.jpg	0.885854
1092.jpg	0.12732467
1093.jpg	6.0605675e-05
1094.jpg	0.9527871
1095.jpg	0.075770155
1096.jpg	0.33755115
1097.jpg	0.3095603
1098.jpg	0.053549822
1099.jpg	0.95481455
11.jpg	0.81000614
110.jpg	0.052382562
1100.jpg	0.9559738
1101.jpg	0.83006287
1102.jpg	0.35190922
1103.jpg	0.01837034
1104.jpg	0.5707097
1105.jpg	0.01030994
1106.jpg	0.8460046
1107.jpg	0.0005041197
1108.jpg	0.99877506
1109.jpg	0.5706245
111.jpg	0.012513735
1110.jpg	0.107342556
1111.jpg	0.87091136
1112.jpg	0.010611762
1113.jpg	0.019407017
1114.jpg	0.043930173
1115.jpg	0.13913639
1116.jpg	0.21082695
1117.jpg	0.8202629
1118.jpg	0.96364284
1119.jpg	0.9158358
2049.jpg	0.00016720747
205.jpg	0.14677854
2050.jpg	0.9644956
2051.jpg	0.5004336
2052.jpg	0.4596114
2053.jpg	0.030226462
2054.jpg	0.029847559
2055.jpg	0.8025937
2056.jpg	0.00849421
2057.jpg	0.8057744
2058.jpg	0.013176799
2059.jpg	0.6176541
206.jpg	0.98321646
2060.jpg	0.06473589
2061.jpg	0.12199037
2062.jpg	0.3895635
2063.jpg	0.0005708492
2064.jpg	0.73858804
2065.jpg	0.20452581
2066.jpg	0.19633348
2067.jpg	0.07750881
2068.jpg	0.10328991
2069.jpg	1.57805e-05
207.jpg	0.13954535
2070.jpg	0.51898247
2071.jpg	0.6666876
2072.jpg	0.007408518
2073.jpg	0.0035123643
2074.jpg	0.5614017
2988.jpg	0.009967342
2989.jpg	0.8719916
299.jpg	0.0007475391
2990.jpg	0.015218834
2991.jpg	0.0004429038
2992.jpg	0.14876573
2993.jpg	3.4528e-05
2994.jpg	0.003212306
2995.jpg	0.010259974
2996.jpg	0.9904975
2997.jpg	0.3309988
2998.jpg	0.021547997
2999.jpg	0.9269632
3.jpg	0.886008
30.jpg	0.57104427
300.jpg	0.93472445
3000.jpg	0.96795344
3001.jpg	0.067767575
3002.jpg	0.84929883
3003.jpg	0.00014311665
3004.jpg	0.64530396
3005.jpg	0.56130606
3488.jpg	0.75220716
3489.jpg	0.36402082
349.jpg	0.40035295
3490.jpg	0.9100919
3491.jpg	0.013546848
3492.jpg	0.04940362
3493.jpg	0.9797306
3494.jpg	0.009658815
3495.jpg	0.91469705
3496.jpg	0.9096746
3497.jpg	0.89296085
3498.jpg	0.6248711
3499.jpg	0.032016937
35.jpg	0.5663862
350.jpg	0.36797383
3500.jpg	0.921844
3501.jpg	0.96931565
3502.jpg	0.7877381
3503.jpg	0.1590159
3504.jpg	0.086122535
3505.jpg	0.1274619
3506.jpg	0.042403217
3507.jpg	0.9979329
3508.jpg	0.003046582
3509.jpg	0.058815874
351.jpg	0.6266366
1901.jpg	0.9798394
1902.jpg	0.98080933
1903.jpg	0.16969189
1904.jpg	0.4175062
1905.jpg	0.0050892853
1906.jpg	0.022598283
1907.jpg	0.9516321
1908.jpg	0.23452887
1909.jpg	0.13517772
191.jpg	0.99408495
1910.jpg	0.1341717
1911.jpg	0.47019032
1912.jpg	0.006350971
1913.jpg	0.011152224
1914.jpg	0.90997666
1915.jpg	0.75490135
1916.jpg	0.9731871
1917.jpg	0.06814743
1918.jpg	0.9986217
1919.jpg	0.8824156
192.jpg	0.015352723
2178.jpg	0.000115762814
2179.jpg	1.03910825e-05
218.jpg	0.3033603
2180.jpg	0.93426317
2181.jpg	0.42597717
2182.jpg	0.3859696
2183.jpg	0.38794085
2184.jpg	0.9970601
2185.jpg	0.9645966
2186.jpg	0.19738932
2187.jpg	0.033891395
2188.jpg	0.43568408
2189.jpg	0.09240449
219.jpg	0.4223786
2190.jpg	0.035949107
2191.jpg	0.039987586
2192.jpg	0.0015057822
2193.jpg	0.037803
2194.jpg	6.759096e-05
2195.jpg	0.010337173
2196.jpg	0.032297496
2197.jpg	0.24740063
2198.jpg	0.84628004
2199.jpg	1.431821e-06
22.jpg	0.005434041
220.jpg	0.9087323
2200.jpg	0.20558444
2201.jpg	0.021097666
2202.jpg	0.2486871
2203.jpg	0.6829568
2204.jpg	0.99841213
2205.jpg	0.80451655
2206.jpg	0.031130379
2207.jpg	0.1625723
2208.jpg	0.2576041
3255.jpg	0.0033295632
3256.jpg	0.005815883
3257.jpg	0.4517351
3258.jpg	0.9746343
3259.jpg	0.030254837
326.jpg	0.26068678
3260.jpg	0.005214671
3261.jpg	0.49797052
3262.jpg	0.019539729
3263.jpg	0.9517476
3264.jpg	0.90462583
3265.jpg	0.82692087
3266.jpg	0.9416199
3267.jpg	0.98320794
3268.jpg	0.013513613
3269.jpg	0.12771916
327.jpg	0.0014412997
3270.jpg	0.13585351
3271.jpg	0.23611626
3272.jpg	0.0023325046
3273.jpg	0.9853902
3274.jpg	0.4972169
3275.jpg	0.0019363334
3276.jpg	0.7566473
3277.jpg	0.8379928
3278.jpg	0.21951468
3279.jpg	0.064755104
4708.jpg	0.0491662
4709.jpg	0.47968304
471.jpg	0.16081952
4710.jpg	0.9737505
4711.jpg	0.62553036
4712.jpg	0.20994332
4713.jpg	0.7886804
4714.jpg	0.9803422
4715.jpg	0.88705915
4716.jpg	0.019331101
4717.jpg	0.8311365
4718.jpg	0.27412415
4719.jpg	0.008873183
472.jpg	0.7640133
4720.jpg	0.00862793
4721.jpg	0.6826004
4722.jpg	0.13912742
4723.jpg	0.26396903
4724.jpg	0.77977175
4725.jpg	0.43728364
4726.jpg	0.9862114
4727.jpg	0.502368
4429.jpg	0.08210535
4449.jpg	0.5865746
4473.jpg	0.2891455
4492.jpg	0.3753243
4511.jpg	0.002809087
4530.jpg	0.022293009
4565.jpg	0.7834302
4587.jpg	0.9943545
4606.jpg	0.8125748
4625.jpg	0.80919415
4644.jpg	0.74568534
4665.jpg	0.79839545
4688.jpg	0.75405616
4707.jpg	0.8077423
4728.jpg	0.20419422
4762.jpg	0.925093
4784.jpg	0.90122205
4808.jpg	0.9181059
4842.jpg	0.90946037
4860.jpg	0.90073335
4880.jpg	0.04226978
4909.jpg	0.9931496
3657.jpg	0.0024406894
3658.jpg	0.20244434
3659.jpg	0.05841823
366.jpg	0.74741626
3660.jpg	0.8697429
3661.jpg	0.9792891
3662.jpg	0.834554
3663.jpg	0.6032275
3664.jpg	0.09617315
3665.jpg	0.031086178
3666.jpg	0.94450116
3667.jpg	0.2241482
3668.jpg	0.82749474
3669.jpg	0.001660053
367.jpg	0.5886159
3670.jpg	0.099381305
3671.jpg	0.0012094802
3672.jpg	0.8464057
3673.jpg	0.9635433
3674.jpg	0.08094377
3675.jpg	0.44253772
3676.jpg	0.18416502
3677.jpg	0.69655293
3678.jpg	0.22041526
3679.jpg	0.015000045
368.jpg	0.081893414
4301.jpg	0.04801785
4302.jpg	0.017175436
4303.jpg	0.3606165
4304.jpg	0.72585475
4305.jpg	0.9561174
4306.jpg	0.94373834
4307.jpg	0.022444855
4308.jpg	0.9528874
4309.jpg	0.22981389
431.jpg	0.7282506
4310.jpg	0.45383686
4311.jpg	0.5034603
4312.jpg	0.045550097
4313.jpg	0.071919575
4314.jpg	0.00013402045
4315.jpg	0.92525727
4316.jpg	0.0015320342
4317.jpg	0.5443709
4318.jpg	0.98821986
4319.jpg	0.42561522
432.jpg	0.015489179
4320.jpg	0.00056548585
559.jpg	0.0013559768
56.jpg	0.3652817
560.jpg	0.4797707
561.jpg	0.1699706
562.jpg	0.9768341
563.jpg	0.10111226
564.jpg	0.17235817
565.jpg	0.17376828
566.jpg	0.05682984
567.jpg	0.17724869
568.jpg	0.21736708
569.jpg	0.14242561
57.jpg	0.8030516
570.jpg	0.57961714
571.jpg	0.8407455
572.jpg	0.011087197
573.jpg	0.8987524
574.jpg	0.0006904987
575.jpg	0.92994046
576.jpg	0.9669659
577.jpg	0.3468614
578.jpg	0.535497
579.jpg	0.2717629
58.jpg	0.0053256312
580.jpg	0.10179011
581.jpg	0.1682752
582.jpg	0.508179
583.jpg	0.6019337
584.jpg	0.6923421
585.jpg	0.96926826
586.jpg	0.995304
587.jpg	0.925884
588.jpg	0.31345662
589.jpg	0.35450152
2571.jpg	0.16746001
2572.jpg	0.0046198405
2573.jpg	0.86124223
2574.jpg	0.019536842
2575.jpg	0.99164915
2576.jpg	0.1446227
2577.jpg	0.003432418
2578.jpg	0.022503573
2579.jpg	0.14977483
258.jpg	0.22082849
2580.jpg	0.053276572
2581.jpg	0.5085074
2582.jpg	0.91899556
2583.jpg	0.18339887
2584.jpg	0.39120543
2585.jpg	0.40769988
2586.jpg	0.10279246
2587.jpg	0.0007283037
2588.jpg	0.76271105
312.jpg	0.31171942
3120.jpg	0.9333922
3121.jpg	0.9806411
3122.jpg	0.5409772
3123.jpg	0.89001805
3124.jpg	0.013996332
3125.jpg	0.012222114
3126.jpg	0.70346713
3127.jpg	0.7419865
3128.jpg	0.9610626
3129.jpg	0.1848899
313.jpg	0.019575864
3130.jpg	0.0023278557
3131.jpg	0.9745737
3132.jpg	0.4837817
3133.jpg	0.9797751
3134.jpg	0.16454501
3135.jpg	0.0015804825
3136.jpg	0.07720138
3137.jpg	0.99552935
3138.jpg	0.5780913
3139.jpg	0.75064
314.jpg	0.015167609
1658.jpg	0.25177893
1659.jpg	0.26260614
166.jpg	0.55992085
1660.jpg	0.9836969
1661.jpg	0.14068629
1662.jpg	0.9493881
1663.jpg	0.90865654
1664.jpg	0.30034018
1665.jpg	0.05530222
1666.jpg	0.036307562
1667.jpg	0.123118386
1668.jpg	0.571959
1669.jpg	0.8215321
167.jpg	0.14232732
1670.jpg	0.6718421
1671.jpg	0.8447885
1672.jpg	0.78564316
1673.jpg	0.8231991
1674.jpg	0.9405038
674.jpg	0.030745802
675.jpg	0.0067290477
676.jpg	0.42217404
677.jpg	0.486622
678.jpg	0.029397862
679.jpg	0.62326497
68.jpg	0.45715323
680.jpg	0.8324965
681.jpg	0.45925653
682.jpg	0.76017797
683.jpg	0.09019243
684.jpg	0.009257231
685.jpg	0.81159335
686.jpg	0.82555395
687.jpg	0.6382409
688.jpg	0.038539585
689.jpg	0.26208094
69.jpg	0.01446054
690.jpg	0.04092044
691.jpg	0.99245787
692.jpg	0.3872124
693.jpg	0.9606095
88.jpg	0.77957666
880.jpg	0.9696488
881.jpg	0.22438887
882.jpg	0.049821768
883.jpg	0.14841124
884.jpg	0.005125125
885.jpg	0.00017606156
886.jpg	0.08793357
887.jpg	0.013448497
888.jpg	0.9698761
889.jpg	0.0025316242
89.jpg	0.21263658
890.jpg	0.008436368
891.jpg	0.053188123
892.jpg	0.92445934
893.jpg	0.07987897
894.jpg	0.0005584291
895.jpg	0.005305366
896.jpg	0.05122116
897.jpg	0.9995901
898.jpg	0.0033456436
899.jpg	0.018871104
9.jpg	0.99660754
90.jpg	0.474073
900.jpg	0.8701055
901.jpg	0.07933145
902.jpg	0.3473878
903.jpg	0.021520387
904.jpg	0.003729847
905.jpg	0.26259184
906.jpg	0.3328306
907.jpg	0.96603453
908.jpg	0.002696529
4512.jpg	0.013365407
4513.jpg	0.15325783
4514.jpg	0.0025477186
4515.jpg	0.15027845
4516.jpg	0.122875266
4517.jpg	1.10198525e-05
4518.jpg	0.95358187
4519.jpg	0.5307186
452.jpg	0.03834493
4520.jpg	0.23325346
4521.jpg	0.35506934
4522.jpg	0.011659893
4523.jpg	0.6127152
4524.jpg	0.0005608914
4525.jpg	0.52288103
4526.jpg	0.019149488
4527.jpg	0.0003436297
4528.jpg	0.13966598
4529.jpg	0.17348288
453.jpg	0.016617892
1328.jpg	0.4757476
1329.jpg	8.444208e-05
133.jpg	0.0009234885
1330.jpg	0.10408008
1331.jpg	0.53735363
1332.jpg	0.71193624
1333.jpg	0.8299128
1334.jpg	0.016751008
1335.jpg	0.003890692
1336.jpg	0.93764883
1337.jpg	5.1747855e-05
1338.jpg	0.08325417
1339.jpg	0.049447585
134.jpg	0.7309955
1340.jpg	0.42800766
1341.jpg	0.9702222
1342.jpg	0.83653456
1343.jpg	0.20868601
1344.jpg	0.37096354
1345.jpg	0.8572581
1346.jpg	0.73373157
1347.jpg	0.0095358705
1348.jpg	0.45415157
1349.jpg	0.014379949
135.jpg	0.0710306
1350.jpg	0.93426234
2374.jpg	0.5672673
2375.jpg	0.17547531
2376.jpg	0.059931293
2377.jpg	0.088437565
2378.jpg	0.5139629
2379.jpg	0.88415325
238.jpg	0.0040804767
2380.jpg	0.0008756692
2381.jpg	0.10088334
2382.jpg	0.63008255
2383.jpg	0.9808655
2384.jpg	0.6173606
2385.jpg	0.6959563
2386.jpg	0.17090327
2387.jpg	0.9115265
2388.jpg	0.07861972
2389.jpg	7.037839e-05
239.jpg	0.8043913
2390.jpg	0.462802
2391.jpg	0.00022535292
2392.jpg	0.38835338
4881.jpg	0.14427897
4882.jpg	0.8146223
4883.jpg	0.90517217
4884.jpg	0.95356405
4885.jpg	0.0001442028
4886.jpg	0.9953779
4887.jpg	0.0029025408
4888.jpg	0.0029443996
4889.jpg	0.037234355
489.jpg	0.98435324
4890.jpg	0.6614051
4891.jpg	0.8554122
4892.jpg	0.15380397
4893.jpg	0.5062008
4894.jpg	0.50795346
4895.jpg	0.009878736
4896.jpg	0.0004061557
4897.jpg	0.43689802
4898.jpg	0.038764548
4899.jpg	0.8221094
49.jpg	0.96026486
490.jpg	0.2775456
4900.jpg	0.7226515
4901.jpg	0.28113663
4902.jpg	0.42747933
4903.jpg	0.0023677475
4904.jpg	0.5437293
4905.jpg	0.00022870416
4906.jpg	0.99234205
4907.jpg	0.0063626147
4908.jpg	0.029174978
2819.jpg	0.9707017
282.jpg	0.02785655
2820.jpg	0.0015746002
2821.jpg	0.6284891
2822.jpg	0.032072347
2823.jpg	0.21459806
2824.jpg	0.976458
2825.jpg	0.0053098174
2826.jpg	0.7275598
2827.jpg	0.016048096
2828.jpg	0.95783657
2829.jpg	0.13422412
283.jpg	0.27009752
2830.jpg	0.0017419867
2831.jpg	0.007700549
2832.jpg	0.99916947
2833.jpg	0.08158018
2834.jpg	0.9661501
2835.jpg	0.44344002
2836.jpg	0.0013253266
2837.jpg	0.3094526
2838.jpg	0.035726022
2839.jpg	0.9855466
284.jpg	0.00049945817
2840.jpg	0.99769527
1258.jpg	0.99850994
1259.jpg	0.965762
126.jpg	0.5312397
1260.jpg	0.001553446
1261.jpg	0.4872787
1262.jpg	0.016153108
1263.jpg	0.008654105
1264.jpg	0.08124237
1265.jpg	0.12373523
1266.jpg	0.79926735
1267.jpg	0.93172157
1268.jpg	0.013012355
1269.jpg	0.97046494
127.jpg	0.9891663
1270.jpg	0.6908675
1271.jpg	0.04240585
1272.jpg	0.64154273
1273.jpg	0.027480941
1274.jpg	0.019815177
1275.jpg	0.008356048
1276.jpg	0.8631405
1277.jpg	0.96946454
1278.jpg	0.82562506
1279.jpg	0.5754042
128.jpg	0.2537287
1280.jpg	0.18040979
1281.jpg	0.0010805154
1282.jpg	0.46843842
1283.jpg	0.9637299
1284.jpg	0.5573048
1285.jpg	0.02122469
1286.jpg	0.0012940944
1287.jpg	0.28449544
1288.jpg	0.015330939
1289.jpg	0.04126098
129.jpg	0.032670956
1290.jpg	0.65738606
1291.jpg	0.98646563
151.jpg	0.04264943
1510.jpg	0.032496024
1511.jpg	0.42099804
1512.jpg	0.24869967
1513.jpg	0.37441054
1514.jpg	0.002366313
1515.jpg	0.9771607
1516.jpg	4.269508e-05
1517.jpg	0.23171826
1518.jpg	0.0710454
1519.jpg	0.46246642
152.jpg	0.65651816
1520.jpg	0.6760754
1521.jpg	0.001280951
1522.jpg	0.9302074
1523.jpg	0.5214081
1524.jpg	0.43651727
1525.jpg	0.46831813
1526.jpg	0.2490553
1527.jpg	0.1501032
1528.jpg	0.96625406
1529.jpg	0.86817795
153.jpg	0.15855747
1530.jpg	0.5884265
1531.jpg	0.2600795
1532.jpg	0.9942048
1533.jpg	0.026525002
1534.jpg	0.93998724
1535.jpg	0.062237084
1536.jpg	0.93309075
1537.jpg	0.07393929
1538.jpg	0.99637777
1539.jpg	0.11757065
154.jpg	0.9889503
4068.jpg	0.96324897
4069.jpg	0.99211204
407.jpg	0.1916287
4070.jpg	0.9950507
4071.jpg	0.6325858
4072.jpg	0.121189676
4073.jpg	0.010340609
4074.jpg	0.7535132
4075.jpg	0.012373444
4076.jpg	0.0068958327
4077.jpg	6.526306e-05
4078.jpg	0.36934084
4079.jpg	0.03463765
408.jpg	0.14747348
4080.jpg	0.9209265
4081.jpg	0.0008938798
4082.jpg	0.010785615
4083.jpg	0.80655676
4084.jpg	0.50940657
4085.jpg	0.13306053
4086.jpg	0.48652768
4087.jpg	0.49978963
4088.jpg	0.37539488
4089.jpg	0.29681927
409.jpg	0.0029992256
4090.jpg	3.9593706e-05
4091.jpg	0.65862036
4092.jpg	0.9573314
4093.jpg	0.9663058
4094.jpg	0.020422079
4095.jpg	0.81451845
4096.jpg	0.9313376
4097.jpg	0.9898331
4098.jpg	0.008736216
4099.jpg	0.47709474
41.jpg	0.23378277
410.jpg	0.9140736
4100.jpg	0.9930889
4101.jpg	0.1283553
221.jpg	0.71957135
2210.jpg	0.59897035
2211.jpg	0.9174685
2212.jpg	0.24714746
2213.jpg	0.0025527258
2214.jpg	0.030960012
2215.jpg	0.3738532
2216.jpg	0.20035456
2217.jpg	0.6730565
2218.jpg	0.0020514503
2219.jpg	0.81427556
222.jpg	0.31157944
2220.jpg	0.008099371
2221.jpg	0.96379673
2222.jpg	0.000118967066
2223.jpg	0.9968465
2224.jpg	0.041546185
2225.jpg	0.009096416
2226.jpg	0.76424325
2227.jpg	0.92242664
1120.jpg	0.0839539
1121.jpg	0.9045327
1122.jpg	0.029277174
1123.jpg	0.6589426
1124.jpg	0.9970777
1125.jpg	0.685558
1126.jpg	0.1266685
1127.jpg	0.2896175
1128.jpg	0.3317178
1129.jpg	0.013905158
113.jpg	0.41770586
1130.jpg	0.0057550874
1131.jpg	0.00311517
1132.jpg	0.6597797
1133.jpg	0.90805376
1134.jpg	0.12996155
1135.jpg	0.8916437
1136.jpg	0.0010065276
1137.jpg	0.025883622
1138.jpg	0.8929462
1139.jpg	0.7424722
114.jpg	0.0037970054
1140.jpg	0.99962616
3731.jpg	0.1676089
3732.jpg	0.02120752
3733.jpg	0.39382708
3734.jpg	0.8667348
3735.jpg	0.0015420258
3736.jpg	0.7589678
3737.jpg	0.16254245
3738.jpg	0.14022245
3739.jpg	0.9976381
374.jpg	0.7551859
3740.jpg	0.5964579
3741.jpg	0.97727466
3742.jpg	0.00020297863
3743.jpg	0.08699506
3744.jpg	0.99868923
3745.jpg	0.11828806
3746.jpg	0.06312033
3747.jpg	0.03687498
3748.jpg	0.0034430954
3749.jpg	0.00010031221
375.jpg	0.45467788
305.jpg	0.9260272
3050.jpg	0.11945877
3051.jpg	0.7751085
3052.jpg	0.009841819
3053.jpg	0.21970254
3054.jpg	0.009271202
3055.jpg	0.03925288
3056.jpg	0.13784479
3057.jpg	0.11072024
3058.jpg	0.100652695
3059.jpg	0.00300908
306.jpg	0.4894778
3060.jpg	0.9490908
3061.jpg	0.001032177
3062.jpg	0.0040430706
3063.jpg	0.076346256
3064.jpg	0.048381288
3065.jpg	0.0026123356
3066.jpg	0.9766026
3067.jpg	0.76692367
3068.jpg	0.92143995
3069.jpg	0.46201232
307.jpg	0.9261284
3070.jpg	0.1398444
3071.jpg	0.6252848
3072.jpg	0.99780387
3073.jpg	0.7162039
3074.jpg	0.00911881
3075.jpg	0.789204
3076.jpg	0.27937242
3077.jpg	0.99630874
3078.jpg	0.99446833
3079.jpg	0.0042944183
308.jpg	0.9725938
1872.jpg	0.81155896
1873.jpg	0.02419236
1874.jpg	0.95077187
1875.jpg	0.0015478515
1876.jpg	0.81176317
1877.jpg	9.0547314e-07
1878.jpg	0.004492076
1879.jpg	0.9956495
188.jpg	0.68031126
1880.jpg	0.98349273
1881.jpg	0.00039982173
1882.jpg	0.10273152
1883.jpg	0.0001881541
1884.jpg	0.7683161
1885.jpg	0.0027121464
1886.jpg	0.05911915
1887.jpg	0.98628277
1888.jpg	0.9411616
1889.jpg	0.38219094
189.jpg	0.34155315
1890.jpg	0.13806574
1891.jpg	0.00893973
1892.jpg	0.009392932
1893.jpg	0.090704806
1894.jpg	0.98482496
1895.jpg	0.88139564
1896.jpg	0.90978414
1897.jpg	0.010306905
1898.jpg	0.65827405
1899.jpg	0.95262086
19.jpg	0.07547573
190.jpg	0.77525413
3916.jpg	0.01106932
3917.jpg	0.90336174
3918.jpg	0.0019409317
3919.jpg	0.008952954
392.jpg	0.9509551
3920.jpg	0.721901
3921.jpg	0.6983562
3922.jpg	0.0603858
3923.jpg	0.52104473
3924.jpg	0.022972774
3925.jpg	0.0025261345
3926.jpg	0.2070357
3927.jpg	0.47467786
3928.jpg	0.99546045
3929.jpg	0.98841476
393.jpg	0.9775094
3930.jpg	0.00083003595
3931.jpg	0.9724439
3932.jpg	0.9874165
3933.jpg	0.7684048
3934.jpg	0.9173228
3332.jpg	0.6226158
3333.jpg	0.86250615
3334.jpg	0.6713709
3335.jpg	0.85420316
3336.jpg	0.00039609254
3337.jpg	0.9960759
3338.jpg	0.00930577
3339.jpg	0.7371666
334.jpg	0.074202985
3340.jpg	0.2228395
3341.jpg	0.02486716
3342.jpg	0.9946569
3343.jpg	0.02613292
3344.jpg	0.5786149
3345.jpg	0.2265967
3346.jpg	0.00011292319
3347.jpg	0.43625203
3348.jpg	0.022270631
3349.jpg	6.093123e-05
335.jpg	0.3295042
3350.jpg	0.70752287
3351.jpg	0.010012483
3352.jpg	0.055550553
3353.jpg	0.0013979506
1067.jpg	0.011217078
1068.jpg	0.20232251
1069.jpg	0.006360638
107.jpg	0.004462296
1070.jpg	0.047167867
1071.jpg	0.91157573
1072.jpg	0.9872405
1073.jpg	0.8931438
1074.jpg	0.6494939
1075.jpg	0.93583584
1076.jpg	0.8234796
1077.jpg	0.5845535
1078.jpg	0.93651706
1079.jpg	0.9136773
108.jpg	0.9752204
1080.jpg	0.031237165
1081.jpg	0.44610518
1082.jpg	0.2176727
1083.jpg	0.99538887
1084.jpg	0.0014763421
1085.jpg	0.22474305
1086.jpg	0.0028228008
1087.jpg	0.011600346
1088.jpg	0.9644622
1089.jpg	0.08605803
109.jpg	0.8974743
1090.jpg	0.8027739
3863.jpg	0.30422166
3864.jpg	0.35692456
3865.jpg	0.76229954
3866.jpg	6.0226416e-06
3867.jpg	0.96847075
3868.jpg	0.6100142
3869.jpg	0.0014947462
387.jpg	0.88099897
3870.jpg	0.26276997
3871.jpg	9.135782e-05
3872.jpg	0.980656
3873.jpg	0.0012407072
3874.jpg	0.00044462975
3875.jpg	0.18291306
3876.jpg	0.0150727825
3877.jpg	0.86594576
3878.jpg	0.0033862896
3879.jpg	0.9798545
388.jpg	0.6816711
3880.jpg	0.7267534
3881.jpg	0.124409765
3882.jpg	0.9481582
3883.jpg	0.71177393
3884.jpg	0.306357
3885.jpg	0.3629091
3886.jpg	0.9407876
3887.jpg	0.093203604
3888.jpg	0.5994852
2958.jpg	0.29447493
2959.jpg	0.8008726
296.jpg	0.32337263
2960.jpg	0.7563955
2961.jpg	0.46486944
2962.jpg	0.14214651
2963.jpg	0.350792
2964.jpg	0.8671622
2965.jpg	0.14313442
2966.jpg	0.082642384
2967.jpg	0.0012131134
2968.jpg	0.038165886
2969.jpg	0.014679716
297.jpg	0.11324918
2970.jpg	0.9893674
2971.jpg	0.09458263
2972.jpg	0.8052638
2973.jpg	0.79147536
2974.jpg	0.05091102
2975.jpg	0.8499132
2976.jpg	0.026868103
2977.jpg	0.025858805
2978.jpg	0.9654556
2979.jpg	0.9423434
298.jpg	0.3049368
2980.jpg	0.34187916
2981.jpg	0.8528109
2982.jpg	0.1702089
2983.jpg	0.5954485
2984.jpg	0.041860446
2985.jpg	0.006006089
2986.jpg	0.0017340875
445.jpg	0.9632253
4450.jpg	0.7414696
4451.jpg	0.28020078
4452.jpg	0.029885642
4453.jpg	0.5635643
4454.jpg	0.03438091
4455.jpg	0.5305543
4456.jpg	0.89282376
4457.jpg	0.79623485
4458.jpg	0.9057692
4459.jpg	0.029655144
446.jpg	0.28979185
4460.jpg	0.799101
4461.jpg	0.116384014
4462.jpg	0.041818768
4463.jpg	0.097840205
4464.jpg	0.55652344
4465.jpg	0.0004928185
4466.jpg	0.011523499
4467.jpg	0.0035174382
4468.jpg	0.5516423
4469.jpg	0.06342865
447.jpg	0.10741232
4470.jpg	0.0011877923
4471.jpg	0.96656233
4472.jpg	0.0067511452
4123.jpg	0.5485617
4124.jpg	0.29571518
4125.jpg	0.97071487
4126.jpg	0.008871841
4127.jpg	0.7720387
4128.jpg	0.012656395
4129.jpg	0.0025212418
413.jpg	0.95267856
4130.jpg	0.31590575
4131.jpg	0.67368174
4132.jpg	0.88228685
4133.jpg	0.7888549
4134.jpg	0.67567456
4135.jpg	0.07103527
4136.jpg	0.040707197
4137.jpg	0.02131732
4138.jpg	7.207768e-05
4139.jpg	0.10138458
414.jpg	0.04535584
1453.jpg	0.90244085
1454.jpg	0.99528426
1455.jpg	0.993302
1456.jpg	0.009473758
1457.jpg	0.95322764
1458.jpg	0.58952475
1459.jpg	0.49314696
146.jpg	0.95942175
1460.jpg	0.33821118
1461.jpg	0.46593398
1462.jpg	0.88210696
1463.jpg	0.17135969
1464.jpg	0.83081675
1465.jpg	0.92196447
1466.jpg	0.015030143
1467.jpg	0.034003764
1468.jpg	0.8021353
1469.jpg	0.97138727
147.jpg	0.9484098
1470.jpg	0.7504245
1471.jpg	0.46797118
1472.jpg	0.91119117
1473.jpg	0.7050237
1474.jpg	0.997976
1475.jpg	0.08702959
1476.jpg	0.16337828
1477.jpg	0.17443809
1478.jpg	0.020040154
1479.jpg	0.029558182
148.jpg	0.5846516
1480.jpg	0.002256974
2630.jpg	0.9311877
2631.jpg	0.009379826
2632.jpg	0.16726449
2633.jpg	0.87073016
2634.jpg	0.028493006
2635.jpg	0.69891405
2636.jpg	0.027471486
2637.jpg	0.9969181
2638.jpg	0.9286351
2639.jpg	0.024808314
264.jpg	0.118851036
2640.jpg	0.8345573
2641.jpg	0.18137395
2642.jpg	0.99905115
2643.jpg	0.16466887
2644.jpg	0.14081427
2645.jpg	0.95311576
2646.jpg	0.5594366
2647.jpg	0.8812069
2648.jpg	0.7270024
2792.jpg	0.0011849378
2793.jpg	0.9949079
2794.jpg	0.56276476
2795.jpg	0.03744025
2796.jpg	0.5262644
2797.jpg	0.41896126
2798.jpg	0.0049349847
2799.jpg	0.9522114
28.jpg	0.54827386
280.jpg	0.78532815
2800.jpg	0.0004969536
2801.jpg	0.060690317
2802.jpg	0.0068820463
2803.jpg	0.09882642
2804.jpg	0.00010401824
2805.jpg	0.2680296
2806.jpg	0.17355223
2807.jpg	0.97065586
2808.jpg	0.0038926401
2809.jpg	0.96752286
281.jpg	0.36162907
2810.jpg	0.7153032
2811.jpg	0.19023946
2812.jpg	0.014003311
2813.jpg	0.045731317
2814.jpg	0.29672116
2815.jpg	0.0038227476
2816.jpg	0.84018004
2817.jpg	0.44531024
2433.jpg	0.014516617
2434.jpg	0.8369816
2435.jpg	0.72103775
2436.jpg	0.9654919
2437.jpg	0.012243673
2438.jpg	0.74763995
2439.jpg	0.6145356
244.jpg	0.030816115
2440.jpg	0.0088507
2441.jpg	0.08442474
2442.jpg	0.0012099688
2443.jpg	0.90746194
2444.jpg	0.50536746
2445.jpg	0.006379955
2446.jpg	0.6158014
2447.jpg	0.53838646
2448.jpg	0.9928953
2449.jpg	0.9915842
245.jpg	0.0067091137
2450.jpg	0.5044066
2451.jpg	0.26393086
1721.jpg	0.096404895
1722.jpg	0.99839383
1723.jpg	8.2732995e-06
1724.jpg	0.9804129
1725.jpg	0.44606972
1726.jpg	0.90816
1727.jpg	0.832237
1728.jpg	0.9421243
1729.jpg	0.85361665
173.jpg	0.0023216377
1730.jpg	0.60693246
1731.jpg	0.96880823
1732.jpg	0.4214505
1733.jpg	0.08404395
1734.jpg	0.78876114
1735.jpg	0.09548296
1736.jpg	0.009819984
1737.jpg	0.007604822
1738.jpg	0.0051732403
1739.jpg	0.65360373
174.jpg	0.0033596104
3681.jpg	0.99812776
3682.jpg	0.98123646
3683.jpg	0.7583852
3684.jpg	8.9208006e-05
3685.jpg	0.28567064
3686.jpg	0.99332124
3687.jpg	0.12378763
3688.jpg	0.7351165
3689.jpg	0.5575188
369.jpg	0.821136
3690.jpg	0.25322342
3691.jpg	0.6972261
3692.jpg	0.083400816
3693.jpg	0.522254
3694.jpg	0.018258179
3695.jpg	0.6393417
3696.jpg	0.67895603
3697.jpg	0.6249642
3698.jpg	0.52827287
3699.jpg	0.01941159
37.jpg	0.93427014
3466.jpg	0.018537603
3467.jpg	0.9774979
3468.jpg	0.0038288645
3469.jpg	0.98984957
347.jpg	0.7232405
3470.jpg	0.8077156
3471.jpg	0.590444
3472.jpg	0.0037381984
3473.jpg	0.25235665
3474.jpg	0.49359068
3475.jpg	0.08737974
3476.jpg	0.0062489295
3477.jpg	0.04107477
3478.jpg	0.17136009
3479.jpg	0.21739958
348.jpg	0.8842763
3480.jpg	0.003625397
3481.jpg	0.3925361
3482.jpg	0.9922685
3483.jpg	0.000109660104
3484.jpg	0.12860107
3485.jpg	0.7649684
3486.jpg	0.16857497
2014.jpg	0.002320337
2015.jpg	0.14113994
2016.jpg	0.021714343
2017.jpg	0.29679266
2018.jpg	0.011658905
2019.jpg	0.0009471916
202.jpg	0.74858075
2020.jpg	0.9786011
2021.jpg	0.13347179
2022.jpg	0.024207344
2023.jpg	0.018524447
2024.jpg	0.93032247
2025.jpg	0.0151891075
2026.jpg	0.009971118
2027.jpg	0.91208756
2028.jpg	0.30788103
2029.jpg	1.158886e-05
203.jpg	0.9052848
2030.jpg	0.5925755
2031.jpg	0.14185868
2032.jpg	0.61215115
2033.jpg	0.9897608
2034.jpg	0.017970366
2035.jpg	0.02762561
2036.jpg	0.5738327
2037.jpg	0.0002803371
2038.jpg	0.8973401
2039.jpg	0.17742828
204.jpg	9.159308e-05
2040.jpg	0.98528117
2041.jpg	0.641865
2042.jpg	0.03797661
2043.jpg	0.8539152
2044.jpg	0.0014105896
2045.jpg	0.89019126
2046.jpg	0.03000839
2047.jpg	0.86357975
736.jpg	0.01749411
737.jpg	0.00062115514
738.jpg	0.57421005
739.jpg	0.7765385
74.jpg	0.5991616
740.jpg	0.01771643
741.jpg	0.007417541
742.jpg	0.47245708
743.jpg	0.9313933
744.jpg	0.069795504
745.jpg	0.8053672
746.jpg	0.9795115
747.jpg	0.7898997
748.jpg	0.07487403
749.jpg	0.95981026
75.jpg	0.021994216
750.jpg	0.107342556
751.jpg	0.009159608
752.jpg	0.8842949
753.jpg	3.286318e-05
754.jpg	0.013078907
755.jpg	0.030461604
756.jpg	0.13083118
757.jpg	0.09812801
758.jpg	0.9060679
759.jpg	0.99031675
76.jpg	0.045665767
760.jpg	0.76478493
761.jpg	0.34042636
762.jpg	0.731065
763.jpg	0.48517007
764.jpg	0.26653484
765.jpg	0.98986816
766.jpg	0.7994159
767.jpg	0.7357158
768.jpg	0.8797573
769.jpg	0.0022379158
77.jpg	0.0073721246
770.jpg	0.99416286
771.jpg	0.037276205
934.jpg	0.8932323
935.jpg	0.81533813
936.jpg	0.7694103
937.jpg	1.6541439e-05
938.jpg	0.029599115
939.jpg	0.7403384
94.jpg	0.019335937
940.jpg	0.1190705
941.jpg	0.00031480903
942.jpg	0.19689515
943.jpg	0.046027254
944.jpg	0.5119772
945.jpg	0.48382577
946.jpg	0.029773805
947.jpg	0.005261177
948.jpg	0.8900498
949.jpg	0.0676472
95.jpg	0.3003942
950.jpg	0.0018627349
951.jpg	0.84551924
952.jpg	0.078355536
953.jpg	0.023940526
954.jpg	0.8841559
955.jpg	0.8023575
956.jpg	0.9936993
957.jpg	0.93438107
958.jpg	0.96019346
959.jpg	0.70675796
96.jpg	0.87329173
960.jpg	0.87669283
961.jpg	0.001374756
962.jpg	0.0018598594
963.jpg	0.8288458
964.jpg	0.04530012
965.jpg	0.14176619
966.jpg	0.007371148
967.jpg	0.24066335
2747.jpg	0.94114244
2748.jpg	0.97674847
2749.jpg	0.2659117
275.jpg	0.016522752
2750.jpg	0.42984378
2751.jpg	0.6522206
2752.jpg	0.70176923
2753.jpg	0.35648948
2754.jpg	0.11945492
2755.jpg	0.94267344
2756.jpg	0.996772
2757.jpg	0.9756074
2758.jpg	0.044028115
2759.jpg	0.98050195
276.jpg	0.808518
2760.jpg	0.85799813
2761.jpg	0.039796192
2762.jpg	0.0034850435
2763.jpg	0.99212295
2764.jpg	0.3839855
2765.jpg	0.73974544
4645.jpg	0.7674077
4646.jpg	0.005753947
4647.jpg	0.050621964
4648.jpg	0.788619
4649.jpg	0.4659
465.jpg	0.8770911
4650.jpg	0.00883857
4651.jpg	0.00933027
4652.jpg	0.9834583
4653.jpg	0.019968027
4654.jpg	0.07417536
4655.jpg	0.032309502
4656.jpg	0.07253423
4657.jpg	0.19464667
4658.jpg	0.99793065
4659.jpg	0.8895487
466.jpg	0.024461994
4660.jpg	0.03966949
4661.jpg	0.94112134
4662.jpg	0.0070635113
4663.jpg	0.8642806
4664.jpg	0.041112114
493.jpg	0.73609835
4930.jpg	0.016231867
4931.jpg	0.012237263
4932.jpg	0.42420113
4933.jpg	0.12851736
4934.jpg	0.615769
4935.jpg	0.15785879
4936.jpg	0.37359646
4937.jpg	0.97660726
4938.jpg	0.00045206002
4939.jpg	0.9897355
494.jpg	0.9560442
4940.jpg	0.88177705
4941.jpg	0.013468693
4942.jpg	0.41804233
4943.jpg	0.82660097
4944.jpg	0.822395
4945.jpg	0.828446
4946.jpg	0.969159
3511.jpg	0.8045905
3512.jpg	0.5295777
3513.jpg	0.97560084
3514.jpg	0.0018690403
3515.jpg	0.9758055
3516.jpg	0.07468582
3517.jpg	0.7395603
3518.jpg	0.20055898
3519.jpg	0.99302363
352.jpg	0.00072253053
3520.jpg	0.9168651
3521.jpg	0.95483756
3522.jpg	0.9809472
3523.jpg	0.49959853
3524.jpg	0.014807081
3525.jpg	0.8590081
3526.jpg	0.75288105
3527.jpg	0.010321019
3528.jpg	0.00023507193
3529.jpg	0.8736171
353.jpg	0.91440254
3530.jpg	0.9718531
3531.jpg	0.98053944
3532.jpg	0.9989766
2160.jpg	0.010177667
2161.jpg	0.28261822
2162.jpg	0.020249426
2163.jpg	0.8075119
2164.jpg	0.8866938
2165.jpg	0.568495
2166.jpg	0.067265116
2167.jpg	0.98673415
2168.jpg	0.123218805
2169.jpg	0.9236872
217.jpg	0.00094679644
2170.jpg	0.14060698
2171.jpg	1.5229857e-06
2172.jpg	0.3978023
2173.jpg	0.25837633
2174.jpg	0.019187186
2175.jpg	0.17493089
2176.jpg	0.031908043
3280.jpg	0.9400767
3281.jpg	0.35909465
3282.jpg	0.049886294
3283.jpg	0.05176436
3284.jpg	0.91838443
3285.jpg	0.36035755
3286.jpg	0.00016865629
3287.jpg	0.04894425
3288.jpg	0.9629187
3289.jpg	0.9966736
329.jpg	0.022145748
3290.jpg	1.2444029e-05
3291.jpg	0.9981476
3292.jpg	0.022001928
3293.jpg	0.45951378
3294.jpg	0.40951514
3295.jpg	0.66900116
3296.jpg	0.29654214
2791.jpg	0.055285815
2818.jpg	0.051375978
2841.jpg	0.0077097076
2869.jpg	0.65339136
2896.jpg	0.001963852
2918.jpg	0.026767412
2936.jpg	0.9304901
2957.jpg	0.12626906
2987.jpg	0.9338201
3006.jpg	0.23916224
3026.jpg	0.37427709
3049.jpg	0.00055502565
3080.jpg	0.034810383
310.jpg	0.017225478
3119.jpg	0.010200607
3140.jpg	0.40537718
3160.jpg	0.8583733
3183.jpg	0.6261457
3200.jpg	0.8220117
3222.jpg	0.30119684
3254.jpg	0.9022194
328.jpg	0.7595708
3297.jpg	0.9222225
3331.jpg	0.99499786
158.jpg	0.91182476
2075.jpg	0.070851244
2766.jpg	0.2722438
3354.jpg	0.82458884
3862.jpg	0.0040099164
4405.jpg	0.80718863
4929.jpg	0.7580189
4729.jpg	0.44587952
473.jpg	0.29117107
4730.jpg	0.14376935
4731.jpg	0.98610604
4732.jpg	0.9237278
4733.jpg	0.7366746
4734.jpg	0.0059432946
4735.jpg	0.032086696
4736.jpg	0.5659734
4737.jpg	0.68843096
4738.jpg	0.9653846
4739.jpg	0.66525924
474.jpg	0.16276631
4740.jpg	0.05316615
4741.jpg	0.88557106
4742.jpg	0.62719816
4743.jpg	0.35709348
4744.jpg	0.88976485
4745.jpg	0.9542913
4746.jpg	0.87127477
4747.jpg	0.00016771158
4748.jpg	0.7114117
4749.jpg	0.015470936
475.jpg	0.0023709373
4750.jpg	0.24676125
4751.jpg	0.082547806
4752.jpg	0.6557898
4753.jpg	0.37383756
4754.jpg	0.18526283
4755.jpg	0.2035609
4756.jpg	0.6923408
4757.jpg	0.9885146
4758.jpg	0.12629719
4759.jpg	0.6135289
476.jpg	0.0054319436
4760.jpg	0.2804114
4761.jpg	0.9627779
4531.jpg	0.07385539
4532.jpg	0.14004515
4533.jpg	0.41441602
4534.jpg	0.91432726
4535.jpg	0.9472781
4536.jpg	0.034288142
4537.jpg	0.00030494918
4538.jpg	0.7337331
4539.jpg	0.067578465
454.jpg	0.0053961556
4540.jpg	0.78865474
4541.jpg	0.0040926286
4542.jpg	0.9987791
4543.jpg	0.00021376094
4544.jpg	0.029366257
4545.jpg	0.35482883
4546.jpg	0.0127677675
4547.jpg	0.0016046712
4548.jpg	0.07076975
4549.jpg	0.51518965
455.jpg	0.06620465
4550.jpg	0.6111343
4551.jpg	0.24993078
4552.jpg	0.070760876
4553.jpg	2.6336293e-06
4554.jpg	0.9073562
4555.jpg	0.9392731
4556.jpg	0.97364193
4557.jpg	0.00038978984
4558.jpg	0.12895843
4559.jpg	0.17557994
456.jpg	0.7687923
4560.jpg	0.0005905534
4561.jpg	0.6334646
4562.jpg	0.00054593344
4563.jpg	0.21279866
4564.jpg	0.003501593
4689.jpg	0.65072817
469.jpg	0.0008729592
4690.jpg	0.123645686
4691.jpg	0.004912627
4692.jpg	0.00567992
4693.jpg	0.0022741163
4694.jpg	0.12749754
4695.jpg	0.666834
4696.jpg	0.001299878
4697.jpg	0.9758709
4698.jpg	0.23756461
4699.jpg	0.0025362496
47.jpg	0.9348905
470.jpg	3.0654977e-05
4700.jpg	0.013590669
4701.jpg	0.19642672
4702.jpg	0.26130122
4703.jpg	0.97808856
4704.jpg	0.96810675
4705.jpg	0.24523349
4706.jpg	0.69885385
2552.jpg	0.9664315
2553.jpg	0.42094192
2554.jpg	0.0003554395
2555.jpg	0.11420743
2556.jpg	0.0063205967
2557.jpg	0.7872173
2558.jpg	0.11156545
2559.jpg	0.77053356
256.jpg	0.5323377
2560.jpg	0.7671923
2561.jpg	0.0046694134
2562.jpg	0.7798663
2563.jpg	0.5002137
2564.jpg	0.23371257
2565.jpg	0.16385193
2566.jpg	0.9930935
2567.jpg	0.9630267
2568.jpg	0.7634721
2569.jpg	0.0014946195
257.jpg	0.69289386
4861.jpg	0.80810016
4862.jpg	0.54084045
4863.jpg	0.117655836
4864.jpg	0.68678594
4865.jpg	6.26969e-06
4866.jpg	0.96258426
4867.jpg	0.70338464
4868.jpg	0.2782004
4869.jpg	0.0920088
487.jpg	0.011391206
4870.jpg	0.99154705
4871.jpg	0.12519048
4872.jpg	0.4287753
4873.jpg	0.1252492
4874.jpg	0.013691101
4875.jpg	0.110620506
4876.jpg	0.28377816
4877.jpg	0.27070013
4878.jpg	0.091906145
4879.jpg	0.052277666
488.jpg	0.13778153
1921.jpg	0.4877242
1922.jpg	0.039680492
1923.jpg	0.9894497
1924.jpg	0.010336432
1925.jpg	0.93598515
1926.jpg	0.0004319384
1927.jpg	0.120290965
1928.jpg	0.98114705
1929.jpg	0.011098987
193.jpg	0.21532485
1930.jpg	0.028052438
1931.jpg	0.25369105
1932.jpg	0.7152447
1933.jpg	0.95014703
1934.jpg	0.06523019
1935.jpg	0.14617081
1936.jpg	0.81985277
1937.jpg	0.0027694204
1938.jpg	0.24444406
4322.jpg	0.0104961805
4323.jpg	0.010685578
4324.jpg	0.35746074
4325.jpg	0.792575
4326.jpg	0.1268374
4327.jpg	0.0019705964
4328.jpg	0.017449286
4329.jpg	0.13110794
433.jpg	0.061858833
4330.jpg	0.32442072
4331.jpg	0.71328497
4332.jpg	0.04204166
4333.jpg	0.0022119032
4334.jpg	0.2048382
4335.jpg	0.24381973
4336.jpg	0.79405004
4337.jpg	0.918355
4338.jpg	0.99089605
4339.jpg	0.9095669
4493.jpg	0.8969306
4494.jpg	0.044924676
4495.jpg	0.5276927
4496.jpg	0.9531345
4497.jpg	0.9983919
4498.jpg	0.6591253
4499.jpg	0.9171793
45.jpg	0.00041304057
450.jpg	0.5380635
4500.jpg	0.9278867
4501.jpg	0.0061643426
4502.jpg	0.9019612
4503.jpg	0.53124446
4504.jpg	0.000929245
4505.jpg	0.008834945
4506.jpg	0.0011651758
4507.jpg	0.010892968
4508.jpg	0.0328181
4509.jpg	0.99732816
451.jpg	0.010456162
4510.jpg	0.00014998278
259.jpg	0.4847417
2590.jpg	0.44988963
2591.jpg	0.34677625
2592.jpg	0.00023928202
2593.jpg	0.028248077
2594.jpg	0.063343085
2595.jpg	0.05292338
2596.jpg	0.90242696
2597.jpg	0.0021520313
2598.jpg	0.5915833
2599.jpg	0.05066713
26.jpg	0.0026206754
260.jpg	0.0073781777
2600.jpg	0.99901986
2601.jpg	0.42502943
2602.jpg	0.21914354
2603.jpg	0.6365906
2604.jpg	0.49245024
2605.jpg	0.9746018
52.jpg	0.49574563
520.jpg	0.7818924
521.jpg	0.12253559
522.jpg	0.013986967
523.jpg	0.70253706
524.jpg	0.8056116
525.jpg	0.4559488
526.jpg	0.0005872407
527.jpg	0.12940511
528.jpg	0.989291
529.jpg	0.00081218086
53.jpg	0.16644707
530.jpg	0.85455906
531.jpg	0.7340736
532.jpg	0.11381403
533.jpg	0.94992584
534.jpg	0.11851241
535.jpg	0.9679146
536.jpg	0.24132429
537.jpg	0.99516886
538.jpg	0.14630316
3100.jpg	0.99461406
3101.jpg	0.00020926265
3102.jpg	0.52219063
3103.jpg	0.013909866
3104.jpg	0.18254432
3105.jpg	0.5655739
3106.jpg	0.101755835
3107.jpg	0.0053419434
3108.jpg	0.00016324571
3109.jpg	0.10574931
311.jpg	0.988193
3110.jpg	0.009585493
3111.jpg	0.060724944
3112.jpg	0.9969613
3113.jpg	0.16779093
3114.jpg	0.6263648
3115.jpg	0.0020937328
3116.jpg	0.0004147091
3117.jpg	0.99235535
3118.jpg	0.2957201
2394.jpg	0.22852774
2395.jpg	0.7520492
2396.jpg	0.43098676
2397.jpg	0.027278317
2398.jpg	0.99032825
2399.jpg	0.11138787
24.jpg	0.0017116757
240.jpg	0.18777925
2400.jpg	0.834546
2401.jpg	0.68557084
2402.jpg	0.1709624
2403.jpg	0.19578753
2404.jpg	0.8212628
2405.jpg	0.7406768
2406.jpg	0.6718155
2407.jpg	0.29630128
2408.jpg	0.53030515
2409.jpg	0.7574033
241.jpg	0.9021364
4281.jpg	0.42048675
4282.jpg	0.10661243
4283.jpg	0.12189361
4284.jpg	0.9527854
4285.jpg	0.040601794
4286.jpg	0.9955917
4287.jpg	0.5564049
4288.jpg	0.78678477
4289.jpg	0.6778226
429.jpg	0.5777596
4290.jpg	0.019225925
4291.jpg	0.67376846
4292.jpg	0.46967652
4293.jpg	0.8451487
4294.jpg	0.90599334
4295.jpg	0.10684555
4296.jpg	5.575313e-06
4297.jpg	0.26404285
4298.jpg	0.60380715
4299.jpg	0.41271406
43.jpg	0.44779778
430.jpg	0.72730243
858.jpg	0.36848518
859.jpg	0.5421177
86.jpg	0.084570006
860.jpg	0.78770846
861.jpg	0.8130767
862.jpg	0.939646
863.jpg	0.0058543384
864.jpg	0.22160628
865.jpg	0.9790431
866.jpg	0.65367764
867.jpg	0.39631906
868.jpg	0.108632356
869.jpg	0.37422013
87.jpg	0.0099599855
870.jpg	0.53016
871.jpg	0.07653584
872.jpg	0.14386818
873.jpg	0.99625945
874.jpg	0.023214774
875.jpg	0.009527587
876.jpg	0.96739835
877.jpg	0.9612762
878.jpg	0.4644651
4000.jpg	0.45646718
4001.jpg	0.39412913
4002.jpg	0.78777385
4003.jpg	0.91486514
4004.jpg	0.5464301
4005.jpg	0.45745543
4006.jpg	0.040471688
4007.jpg	0.9908558
4008.jpg	0.012521515
4009.jpg	0.09741004
401.jpg	0.041865032
4010.jpg	0.32123604
4011.jpg	0.8944504
4012.jpg	0.025384102
4013.jpg	0.5114567
4014.jpg	0.9542238
4015.jpg	0.02228237
4016.jpg	0.48759976
4017.jpg	0.7235885
4018.jpg	0.109432034
4019.jpg	0.99104345
402.jpg	0.556478
4020.jpg	0.5856271
4021.jpg	0.84870887
4022.jpg	0.8975817
4023.jpg	0.97565573
4024.jpg	0.14015988
4025.jpg	0.8166389
4026.jpg	0.99445033
4027.jpg	0.61283314
4028.jpg	0.24823217
4242.jpg	1.3876844e-08
4243.jpg	0.004211263
4244.jpg	0.9755796
4245.jpg	0.00052608206
4246.jpg	0.9184298
4247.jpg	0.08288348
4248.jpg	0.03382455
4249.jpg	0.94590294
425.jpg	0.8592152
4250.jpg	0.9702141
4251.jpg	0.01547566
4252.jpg	0.9988611
4253.jpg	3.9413244e-06
4254.jpg	0.9769015
4255.jpg	0.41371125
4256.jpg	0.94353145
4257.jpg	0.95898885
4258.jpg	0.9394912
4259.jpg	0.21129228
426.jpg	0.11455182
1580.jpg	0.0029595569
1581.jpg	0.98476493
1582.jpg	0.9598792
1583.jpg	0.6710565
1584.jpg	0.044772714
1585.jpg	0.6296244
1586.jpg	0.01624876
1587.jpg	0.013974449
1588.jpg	0.518499
1589.jpg	0.38907054
159.jpg	0.004072373
1590.jpg	0.97037226
1591.jpg	0.9845769
1592.jpg	0.02040383
1593.jpg	0.004231403
1594.jpg	0.0011985062
1595.jpg	0.9489714
1596.jpg	0.87807226
1597.jpg	0.17288633
1598.jpg	0.00038179423
1599.jpg	0.7524757
16.jpg	0.061247554
287.jpg	0.33629405
2870.jpg	0.7914272
2871.jpg	0.0009237824
2872.jpg	0.6800118
2873.jpg	0.014121093
2874.jpg	0.90632147
2875.jpg	0.7022089
2876.jpg	0.018522602
2877.jpg	0.9268339
2878.jpg	0.72953254
2879.jpg	0.9653768
288.jpg	0.9868377
2880.jpg	0.93259686
2881.jpg	0.035397746
2882.jpg	0.25455886
2883.jpg	0.001687508
2884.jpg	0.86415595
2885.jpg	0.82250744
2886.jpg	0.009963512
2887.jpg	0.8382866
2888.jpg	0.8935197
2889.jpg	0.6539298
289.jpg	0.97933286
2890.jpg	0.8541462
2891.jpg	0.0062294225
2892.jpg	0.0049422816
2893.jpg	0.16056316
2894.jpg	0.003413611
2895.jpg	0.037901476
360.jpg	0.7117554
3600.jpg	0.3226207
3601.jpg	0.49551773
3602.jpg	0.914213
3603.jpg	0.0052231825
3604.jpg	0.033560876
3605.jpg	0.81313616
3606.jpg	0.8426338
3607.jpg	0.47050667
3608.jpg	0.0050273
3609.jpg	0.033968404
361.jpg	0.942241
3610.jpg	0.82309055
3611.jpg	0.30464458
3612.jpg	0.99137306
3613.jpg	0.84516984
3614.jpg	0.1189597
3615.jpg	0.99974483
3616.jpg	0.03356355
3617.jpg	0.957958
3618.jpg	0.018062104
3619.jpg	0.2957193
362.jpg	0.9952118
3620.jpg	0.10264418
3621.jpg	0.956674
3622.jpg	0.019151807
3623.jpg	0.5289101
3624.jpg	0.9992436
3625.jpg	0.81694245
3626.jpg	0.92019
3627.jpg	0.90450233
3628.jpg	0.33389717
3629.jpg	0.015184001
363.jpg	0.012315075
3630.jpg	0.00024905676
3631.jpg	0.9887074
120.jpg	0.77599525
1200.jpg	0.33175308
1201.jpg	0.9670492
1202.jpg	0.69164044
1203.jpg	0.98067033
1204.jpg	0.50629354
1205.jpg	0.92571235
1206.jpg	0.8260298
1207.jpg	0.7204507
1208.jpg	0.9728324
1209.jpg	0.43130803
121.jpg	0.005925595
1210.jpg	0.92071575
1211.jpg	0.8923738
1212.jpg	0.6102316
1213.jpg	0.00011925239
1214.jpg	0.00497737
1215.jpg	0.04942204
1216.jpg	0.838847
1217.jpg	0.8735448
1218.jpg	0.9572248
1219.jpg	0.13954535
122.jpg	0.009285211
1220.jpg	0.013801841
1221.jpg	0.56239927
1222.jpg	0.0997616
1223.jpg	0.047354728
1224.jpg	0.995214
1225.jpg	0.6555978
1226.jpg	0.99720484
1227.jpg	0.65387666
1228.jpg	0.9940122
1229.jpg	0.9087081
123.jpg	0.99143606
1230.jpg	0.0031007505
1231.jpg	0.004615417
1232.jpg	0.92661023
2355.jpg	0.9832261
2356.jpg	0.13496116
2357.jpg	0.98895115
2358.jpg	0.9089944
2359.jpg	0.925548
236.jpg	0.72260475
2360.jpg	0.029896194
2361.jpg	0.04919928
2362.jpg	0.8549038
2363.jpg	0.77498794
2364.jpg	0.67437893
2365.jpg	0.43848622
2366.jpg	0.77287984
2367.jpg	0.98818874
2368.jpg	0.97585195
2369.jpg	0.9601276
237.jpg	0.18342808
2370.jpg	0.42318192
2371.jpg	0.33292377
2372.jpg	0.5734058
1804.jpg	0.9622934
1805.jpg	0.15317672
1806.jpg	0.0021831673
1807.jpg	0.28573102
1808.jpg	0.0020901512
1809.jpg	0.0018594065
181.jpg	0.9293939
1810.jpg	0.0032255244
1811.jpg	0.40629944
1812.jpg	0.14433284
1813.jpg	0.20863028
1814.jpg	0.842152
1815.jpg	0.0063323295
1816.jpg	0.3713951
1817.jpg	0.9936039
1818.jpg	0.06861438
1819.jpg	0.820505
182.jpg	0.91783327
1820.jpg	0.6195525
1821.jpg	0.00029525
1822.jpg	0.16515386
1823.jpg	0.015221265
1824.jpg	0.10606948
1825.jpg	0.01029546
1826.jpg	0.012950988
1827.jpg	0.5539218
1828.jpg	0.69505936
1829.jpg	0.90153265
183.jpg	0.8951987
1830.jpg	0.1680303
1831.jpg	6.8426e-05
1832.jpg	0.98644954
1833.jpg	0.03876892
1834.jpg	0.9800448
1835.jpg	0.00047765917
1836.jpg	2.3886805e-06
1837.jpg	0.99775404
695.jpg	0.8888524
696.jpg	0.014787576
697.jpg	0.05083402
698.jpg	0.9567007
699.jpg	0.11013846
7.jpg	0.008792846
70.jpg	0.000246832
700.jpg	0.23108621
701.jpg	0.86796886
702.jpg	0.9042789
703.jpg	0.99219817
704.jpg	0.29145187
705.jpg	0.78527415
706.jpg	0.80891585
707.jpg	0.100714564
708.jpg	0.9421534
709.jpg	0.1714205
71.jpg	0.0010468335
710.jpg	0.8041518
711.jpg	0.00035548554
712.jpg	0.0043852422
1676.jpg	8.2740444e-05
1677.jpg	0.048926502
1678.jpg	0.058293797
1679.jpg	0.89715457
168.jpg	0.24615148
1680.jpg	0.3945601
1681.jpg	0.90928435
1682.jpg	0.12817281
1683.jpg	0.90956825
1684.jpg	0.82498413
1685.jpg	0.008806987
1686.jpg	0.70932573
1687.jpg	0.93635166
1688.jpg	0.28175163
1689.jpg	0.46104693
169.jpg	0.9991842
1690.jpg	0.016434899
1691.jpg	0.13729015
1692.jpg	0.22429988
1693.jpg	0.028600978
809.jpg	0.00062498834
81.jpg	0.7179605
810.jpg	0.5670932
811.jpg	0.19514513
812.jpg	0.008651676
813.jpg	0.0210676
814.jpg	0.18376336
815.jpg	0.0265694
816.jpg	0.91270703
817.jpg	0.2278663
818.jpg	0.8691098
819.jpg	0.9004872
82.jpg	0.00043178562
820.jpg	0.01845343
821.jpg	0.70360017
822.jpg	0.15687642
823.jpg	0.5218771
824.jpg	0.88084346
825.jpg	0.015196655
826.jpg	0.010525282
827.jpg	0.2784833
828.jpg	0.15359536
829.jpg	0.55956334
83.jpg	0.27809516
830.jpg	0.9950264
831.jpg	0.008120568
832.jpg	0.006480878
833.jpg	0.30907112
4947.jpg	0.9676051
4975.jpg	0.5598853
4996.jpg	0.12592943
519.jpg	0.74217224
539.jpg	0.9577786
558.jpg	0.99473995
59.jpg	0.27581403
61.jpg	0.0150682395
63.jpg	0.0020315563
654.jpg	0.23686157
673.jpg	0.91189283
694.jpg	0.74842995
713.jpg	0.96821755
735.jpg	0.32274175
772.jpg	0.09898898
808.jpg	0.13885677
834.jpg	0.529696
857.jpg	0.015368516
879.jpg	0.09945115
909.jpg	0.86756146
933.jpg	0.23785482
968.jpg	0.15969265
655.jpg	0.2281912
656.jpg	0.88107234
657.jpg	0.25033176
658.jpg	0.009965827
659.jpg	0.09874877
66.jpg	0.9250748
660.jpg	0.0015698606
661.jpg	0.08748402
662.jpg	0.0008546261
663.jpg	0.99007773
664.jpg	0.9686818
665.jpg	0.85084677
666.jpg	0.39293775
667.jpg	0.14517589
668.jpg	0.001341885
669.jpg	0.029034909
67.jpg	0.78362584
670.jpg	0.29469356
671.jpg	0.15300854
672.jpg	0.015537111
4976.jpg	0.407944
4977.jpg	0.0110614095
4978.jpg	0.06920734
4979.jpg	0.7453237
498.jpg	0.9985715
4980.jpg	0.885996
4981.jpg	0.08117628
4982.jpg	0.19223498
4983.jpg	0.026013328
4984.jpg	0.8676382
4985.jpg	0.81758344
4986.jpg	0.008389057
4987.jpg	0.03827575
4988.jpg	0.5083369
4989.jpg	0.99068356
499.jpg	0.26975074
4990.jpg	0.68676746
4991.jpg	0.0038134
4992.jpg	0.97967154
4993.jpg	0.69887406
4994.jpg	0.08092265
4995.jpg	0.36134562
2229.jpg	0.8615001
223.jpg	0.0031885903
2230.jpg	0.81206375
2231.jpg	0.9136897
2232.jpg	0.8842573
2233.jpg	0.0073677506
2234.jpg	0.03874037
2235.jpg	0.51111215
2236.jpg	0.0036128827
2237.jpg	0.7673126
2238.jpg	0.0005152058
2239.jpg	0.0034017733
224.jpg	0.9489016
2240.jpg	0.9599997
2241.jpg	0.092892595
2242.jpg	0.0005301484
2243.jpg	0.97502804
2244.jpg	0.00660389
2245.jpg	0.7742692
2246.jpg	0.42986354
2247.jpg	0.86730415
2248.jpg	0.13209212
2249.jpg	0.9967339
225.jpg	0.09037958
2250.jpg	0.63527143
2251.jpg	0.044604056
2252.jpg	0.01114886
2253.jpg	0.97305435
2254.jpg	0.7356754
2255.jpg	0.60490966
2256.jpg	0.8637251
2257.jpg	0.96158844
2106.jpg	0.6263996
2107.jpg	0.021906748
2108.jpg	0.5219957
2109.jpg	0.8697529
211.jpg	0.6988319
2110.jpg	0.9595504
2111.jpg	0.002416844
2112.jpg	0.99397695
2113.jpg	0.09605432
2114.jpg	0.0020958001
2115.jpg	0.21699667
2116.jpg	0.28219098
2117.jpg	0.7297228
2118.jpg	0.98520607
2119.jpg	0.7581783
212.jpg	0.127352
2120.jpg	0.0007731864
2121.jpg	0.6086819
2122.jpg	0.98085564
2123.jpg	0.18873036
2124.jpg	0.017182214
2125.jpg	0.8087264
2126.jpg	0.18280052
2127.jpg	0.089295775
2128.jpg	0.10186352
2129.jpg	0.015055776
3844.jpg	0.348864
3845.jpg	0.016195767
3846.jpg	0.25518152
3847.jpg	0.9856039
3848.jpg	0.9620378
3849.jpg	0.93791705
385.jpg	0.5075701
3850.jpg	0.39993414
3851.jpg	0.057683278
3852.jpg	0.99282736
3853.jpg	0.881751
3854.jpg	0.92135423
3855.jpg	0.97620356
3856.jpg	0.99835676
3857.jpg	0.933239
3858.jpg	0.0004262231
3859.jpg	0.9863377
386.jpg	0.005214488
3860.jpg	0.12656185
3861.jpg	0.43910557
3936.jpg	0.93924433
3937.jpg	0.9467774
3938.jpg	0.028030757
3939.jpg	0.84066325
394.jpg	0.12602632
3940.jpg	0.8372331
3941.jpg	0.4494311
3942.jpg	0.8799833
3943.jpg	0.0035158708
3944.jpg	0.9137831
3945.jpg	0.9922694
3946.jpg	0.90341973
3947.jpg	0.7084261
3948.jpg	0.016955113
3949.jpg	0.40575343
395.jpg	0.048995513
3950.jpg	0.3632317
3951.jpg	0.20111662
3952.jpg	0.99436176
3953.jpg	0.0023537008
3954.jpg	0.029634241
3955.jpg	0.18401797
3956.jpg	0.22457357
3957.jpg	0.9199604
3958.jpg	0.6021751
3959.jpg	0.25192878
396.jpg	0.01188572
3960.jpg	0.9292823
3961.jpg	0.95505357
3554.jpg	0.09303869
3555.jpg	0.023815604
3556.jpg	0.77988386
3557.jpg	0.0013925942
3558.jpg	0.85188067
3559.jpg	0.06493553
356.jpg	0.0004915054
3560.jpg	0.02465037
3561.jpg	0.035415735
3562.jpg	0.33843693
3563.jpg	0.41084924
3564.jpg	0.5648734
3565.jpg	0.96571064
3566.jpg	0.9638214
3567.jpg	0.5873385
3568.jpg	0.037153
3569.jpg	0.96955824
357.jpg	0.95171225
3570.jpg	0.99889
3571.jpg	0.64283675
3572.jpg	0.07147352
3573.jpg	0.99908733
3574.jpg	0.0039024074
3575.jpg	0.49811292
3576.jpg	0.05022344
3577.jpg	0.99311197
4785.jpg	0.15751745
4786.jpg	0.89930314
4787.jpg	0.8737732
4788.jpg	0.9303435
4789.jpg	0.6757235
479.jpg	0.2915038
4790.jpg	0.0061475504
4791.jpg	0.6160559
4792.jpg	0.0011208021
4793.jpg	0.6780693
4794.jpg	0.05222202
4795.jpg	0.8775405
4796.jpg	0.07892543
4797.jpg	0.0005384289
4798.jpg	0.9772879
4799.jpg	0.039962515
48.jpg	0.9503802
480.jpg	0.54095125
4800.jpg	0.475178
4801.jpg	0.060345918
4802.jpg	0.2108529
4803.jpg	0.6690179
4804.jpg	0.030055065
4805.jpg	0.16680795
4806.jpg	0.37598872
4807.jpg	0.05274352
4382.jpg	0.86053723
4383.jpg	0.36715463
4384.jpg	0.088306524
4385.jpg	0.1972673
4386.jpg	0.08620413
4387.jpg	0.41169813
4388.jpg	0.8852486
4389.jpg	0.9682076
439.jpg	0.9097378
4390.jpg	0.9797625
4391.jpg	0.25319028
4392.jpg	0.25836644
4393.jpg	0.01347692
4394.jpg	0.10339175
4395.jpg	0.0016630271
4396.jpg	0.4840431
4397.jpg	0.029093903
4398.jpg	0.019398298
4399.jpg	0.9856015
44.jpg	0.957909
440.jpg	0.34960485
4400.jpg	2.970291e-06
4401.jpg	0.2380291
4402.jpg	0.40413806
4403.jpg	0.8523423
4404.jpg	0.71112597
3889.jpg	0.0012397777
3915.jpg	0.99956137
3935.jpg	0.9070813
3962.jpg	0.0024120477
3981.jpg	0.1173799
400.jpg	0.09253793
4029.jpg	0.9396151
405.jpg	0.92394686
4067.jpg	0.1982924
4102.jpg	0.7339063
4122.jpg	0.005726254
4140.jpg	0.011551037
4163.jpg	0.9928526
4182.jpg	0.007903582
4202.jpg	0.075397044
4221.jpg	0.8799308
4241.jpg	0.0038710819
4260.jpg	0.9998659
4280.jpg	0.00010495771
4300.jpg	0.0038512014
4321.jpg	0.06487594
434.jpg	0.3211604
4360.jpg	0.994138
4381.jpg	0.31548634
3380.jpg	0.82420886
3381.jpg	0.001565399
3382.jpg	0.9489067
3383.jpg	0.020271337
3384.jpg	0.038042936
3385.jpg	0.43015063
3386.jpg	0.63487446
3387.jpg	0.36940083
3388.jpg	0.22703458
3389.jpg	0.06726311
339.jpg	0.352499
3390.jpg	0.063413806
3391.jpg	0.64065176
3392.jpg	0.00016626027
3393.jpg	0.0010257121
3394.jpg	0.6486231
3395.jpg	0.019714653
3396.jpg	0.10506144
443.jpg	0.0041719577
4430.jpg	0.8434383
4431.jpg	0.006696326
4432.jpg	0.36188808
4433.jpg	0.004754708
4434.jpg	0.42818806
4435.jpg	0.93329173
4436.jpg	0.12104955
4437.jpg	0.890343
4438.jpg	0.61146396
4439.jpg	0.98315054
444.jpg	0.99626887
4440.jpg	0.07476671
4441.jpg	0.009819252
4442.jpg	0.004268832
4443.jpg	0.47416213
4444.jpg	0.012139837
4445.jpg	0.040989712
4446.jpg	0.0009300273
4447.jpg	0.0008655388
4448.jpg	0.8988259
1760.jpg	0.0004065101
1761.jpg	0.69716287
1762.jpg	3.713022e-05
1763.jpg	0.30338004
1764.jpg	0.7437744
1765.jpg	0.9189601
1766.jpg	0.00011876384
1767.jpg	0.99933976
1768.jpg	0.9995491
1769.jpg	0.002601381
177.jpg	0.33878255
1770.jpg	0.99800414
1771.jpg	0.9884454
1772.jpg	0.22782065
1773.jpg	0.027376242
1774.jpg	0.9922083
1775.jpg	0.9750904
1776.jpg	0.90687245
1777.jpg	0.03987022
1778.jpg	0.6598538
1779.jpg	0.40773937
178.jpg	0.8987704
1780.jpg	0.9896735
1781.jpg	0.058310207
1782.jpg	0.9263651
160.jpg	0.0006866839
1634.jpg	0.00021050658
1657.jpg	0.26396218
1675.jpg	0.41136044
1694.jpg	0.7896296
1720.jpg	0.99866366
1740.jpg	0.95659596
176.jpg	0.42743313
1783.jpg	0.007660182
1803.jpg	0.31152084
1838.jpg	0.0052757654
1871.jpg	0.9991098
1900.jpg	0.8458387
1920.jpg	0.9762723
1939.jpg	0.93125355
1959.jpg	0.025396304
1989.jpg	0.053059235
2013.jpg	0.024575492
2048.jpg	0.025660075
4141.jpg	0.31349146
4142.jpg	0.24126798
4143.jpg	0.9501057
4144.jpg	0.010333097
4145.jpg	0.7891852
4146.jpg	0.6906362
4147.jpg	0.06492325
4148.jpg	0.8397545
4149.jpg	0.9903295
415.jpg	0.40022442
4150.jpg	0.88994694
4151.jpg	0.987631
4152.jpg	0.012144836
4153.jpg	0.06750142
4154.jpg	0.20577535
4155.jpg	0.55477804
4156.jpg	0.00091682107
4157.jpg	6.6400564e-05
4158.jpg	0.27565664
4159.jpg	0.18108095
416.jpg	0.0007994187
4160.jpg	0.038073383
4161.jpg	0.5002229
4162.jpg	0.0058097327
3161.jpg	0.94345206
3162.jpg	0.0018210877
3163.jpg	0.87927115
3164.jpg	0.04781337
3165.jpg	0.13524656
3166.jpg	0.9636355
3167.jpg	0.99551046
3168.jpg	0.10112199
3169.jpg	0.046077244
317.jpg	0.47033867
3170.jpg	0.0077001853
3171.jpg	0.9262027
3172.jpg	0.32533437
3173.jpg	0.0044814316
3174.jpg	0.9837924
3175.jpg	0.59662133
3176.jpg	0.1984983
3177.jpg	0.00033960535
3178.jpg	0.19646348
3179.jpg	0.5025349
318.jpg	0.0045666844
3180.jpg	0.8210109
3181.jpg	0.43443272
3182.jpg	0.2913428
4050.jpg	0.14726743
4051.jpg	0.025598476
4052.jpg	0.96338993
4053.jpg	0.9741134
4054.jpg	0.9719082
4055.jpg	0.8260308
4056.jpg	0.15129226
4057.jpg	0.93394023
4058.jpg	0.018100133
4059.jpg	0.21518044
406.jpg	0.6818751
4060.jpg	0.012015692
4061.jpg	0.04581593
4062.jpg	0.050016355
4063.jpg	0.0108299665
4064.jpg	0.8799594
4065.jpg	0.0013680194
4066.jpg	0.04122198
2919.jpg	0.16512941
292.jpg	0.84646624
2920.jpg	0.36122504
2921.jpg	0.0010722108
2922.jpg	0.121553704
2923.jpg	0.12196968
2924.jpg	0.002963164
2925.jpg	0.02332996
2926.jpg	0.5050229
2927.jpg	0.02130452
2928.jpg	0.15380524
2929.jpg	0.749616
293.jpg	0.01036802
2930.jpg	0.98703814
2931.jpg	0.37260148
2932.jpg	0.019267917
2933.jpg	0.70198286
2934.jpg	0.02693271
2935.jpg	0.99412435
3007.jpg	0.98452294
3008.jpg	0.20375492
3009.jpg	0.9986657
301.jpg	0.5667842
3010.jpg	0.78653586
3011.jpg	0.29362848
3012.jpg	0.9857444
3013.jpg	0.789939
3014.jpg	0.99844176
3015.jpg	0.25810075
3016.jpg	0.07791635
3017.jpg	0.96310866
3018.jpg	0.73909944
3019.jpg	0.0019472863
302.jpg	0.05589217
3020.jpg	0.9676001
3021.jpg	0.10043241
3022.jpg	0.70939124
3023.jpg	0.74856293
3024.jpg	0.95887375
3025.jpg	0.009247519
2689.jpg	0.6646743
269.jpg	0.23060834
2690.jpg	0.7677065
2691.jpg	0.013784768
2692.jpg	4.3056156e-05
2693.jpg	0.0027253595
2694.jpg	0.07521298
2695.jpg	0.48992
2696.jpg	0.0513036
2697.jpg	0.13237259
2698.jpg	0.19597474
2699.jpg	0.023830751
27.jpg	0.6633857
270.jpg	0.6032
2700.jpg	0.8247841
2701.jpg	0.90224737
2702.jpg	0.91563666
2703.jpg	0.41786575
2704.jpg	0.042433742
2705.jpg	0.31186235
2706.jpg	0.0018915056
4588.jpg	0.26993456
4589.jpg	0.98452675
459.jpg	0.8392948
4590.jpg	0.010807676
4591.jpg	0.96231127
4592.jpg	0.0013893209
4593.jpg	0.005545387
4594.jpg	0.74562204
4595.jpg	0.61382335
4596.jpg	0.45923918
4597.jpg	0.038806774
4598.jpg	0.13473742
4599.jpg	0.8495127
46.jpg	0.36851364
460.jpg	0.97321635
4600.jpg	0.008529422
4601.jpg	0.24919054
4602.jpg	0.0055235676
4603.jpg	6.650386e-05
4604.jpg	0.00030267227
4605.jpg	0.988775
3201.jpg	0.003388939
3202.jpg	0.8458198
3203.jpg	0.00014758241
3204.jpg	0.9860811
3205.jpg	0.38681966
3206.jpg	0.67280245
3207.jpg	0.052325677
3208.jpg	0.9989472
3209.jpg	0.37212145
321.jpg	0.07103387
3210.jpg	0.0649975
3211.jpg	0.001462743
3212.jpg	0.02501079
3213.jpg	0.9916608
3214.jpg	0.07558699
3215.jpg	0.24666736
3216.jpg	0.95069385
3217.jpg	0.021797664
3218.jpg	0.018719368
3219.jpg	0.99140066
322.jpg	0.02610077
3220.jpg	0.0061050807
3221.jpg	0.0028820015
1371.jpg	0.94036114
1372.jpg	0.6008558
1373.jpg	0.8153446
1374.jpg	0.4888142
1375.jpg	0.8969379
1376.jpg	0.53360474
1377.jpg	0.21186566
1378.jpg	0.013023984
1379.jpg	0.91671824
138.jpg	0.90208435
1380.jpg	0.54453254
1381.jpg	0.89809346
1382.jpg	0.71263874
1383.jpg	0.9543864
1384.jpg	0.0999219
1385.jpg	0.45335102
1386.jpg	0.4157346
1387.jpg	0.5524784
1388.jpg	0.58976847
1389.jpg	0.79203767
139.jpg	0.015716141
2453.jpg	0.8905503
2454.jpg	0.48013282
2455.jpg	0.6471451
2456.jpg	0.96950275
2457.jpg	0.13096754
2458.jpg	0.006141505
2459.jpg	0.118237734
246.jpg	0.78121305
2460.jpg	0.9643766
2461.jpg	0.16510515
2462.jpg	0.8395767
2463.jpg	0.9936894
2464.jpg	0.4180409
2465.jpg	0.00612995
2466.jpg	0.39494696
2467.jpg	0.73760164
2468.jpg	0.06623758
2469.jpg	0.70986104
247.jpg	0.65222615
2470.jpg	0.1099862
2471.jpg	0.7709546
4222.jpg	0.96165985
4223.jpg	0.970899
4224.jpg	0.67288107
4225.jpg	0.009226764
4226.jpg	0.559194
4227.jpg	0.99641895
4228.jpg	0.80325943
4229.jpg	0.6300439
423.jpg	0.4516825
4230.jpg	0.00026320494
4231.jpg	0.93157715
4232.jpg	0.035996277
4233.jpg	0.02665609
4234.jpg	0.0022151554
4235.jpg	3.235783e-05
4236.jpg	0.023539875
4237.jpg	0.09007958
4238.jpg	0.00676328
4239.jpg	0.34989867
424.jpg	0.05729266
4240.jpg	0.020319814
2493.jpg	0.032858264
2494.jpg	0.4386349
2495.jpg	0.07870907
2496.jpg	0.009415195
2497.jpg	0.016616786
2498.jpg	0.026472798
2499.jpg	0.9723574
25.jpg	0.89231664
250.jpg	0.8895732
2500.jpg	0.9983778
2501.jpg	0.90726066
2502.jpg	0.80011
2503.jpg	0.10596322
2504.jpg	0.97602785
2505.jpg	0.99795854
2506.jpg	0.83502996
2507.jpg	0.012920218
2508.jpg	0.95150244
2509.jpg	0.6184029
251.jpg	0.25614062
2510.jpg	0.8617141
2511.jpg	0.009949383
2512.jpg	0.8607433
3770.jpg	0.956026
3771.jpg	0.9944999
3772.jpg	0.018786967
3773.jpg	0.94731766
3774.jpg	0.5799541
3775.jpg	0.9992514
3776.jpg	0.7471032
3777.jpg	0.45865655
3778.jpg	0.030978164
3779.jpg	0.93378097
378.jpg	0.10110875
3780.jpg	0.24550818
3781.jpg	0.16544187
3782.jpg	0.7093503
3783.jpg	0.398423
3784.jpg	0.47725815
3785.jpg	0.11798845
3786.jpg	0.039380286
3787.jpg	0.38167042
3788.jpg	0.7077135
3789.jpg	0.003908273
379.jpg	0.9054178
4626.jpg	0.006328094
4627.jpg	0.91406715
4628.jpg	0.20563689
4629.jpg	0.15324202
463.jpg	0.9298073
4630.jpg	0.005948153
4631.jpg	6.257597e-05
4632.jpg	0.0028940963
4633.jpg	0.9636417
4634.jpg	0.7374992
4635.jpg	0.14559823
4636.jpg	0.77126056
4637.jpg	0.92538583
4638.jpg	0.05628456
4639.jpg	0.9395756
464.jpg	0.38816997
4640.jpg	0.7334893
4641.jpg	0.99209213
4642.jpg	0.00042375867
4643.jpg	0.99499965
2534.jpg	0.956985
2535.jpg	0.9956864
2536.jpg	0.34438616
2537.jpg	0.07271036
2538.jpg	0.039931968
2539.jpg	0.8936807
254.jpg	0.23594579
2540.jpg	0.027903555
2541.jpg	0.0025469577
2542.jpg	0.7867755
2543.jpg	0.3391555
2544.jpg	0.98635614
2545.jpg	0.0791432
2546.jpg	0.16951531
2547.jpg	9.038409e-05
2548.jpg	0.8157669
2549.jpg	0.7538486
255.jpg	0.054870464
2550.jpg	0.966446
1018.jpg	0.8688052
1019.jpg	0.8900498
102.jpg	0.96713823
1020.jpg	0.22908242
1021.jpg	0.067815185
1022.jpg	0.083382525
1023.jpg	0.00070936006
1024.jpg	0.97894967
1025.jpg	0.051269528
1026.jpg	0.66255504
1027.jpg	0.8366956
1028.jpg	0.005209662
1029.jpg	0.81996983
103.jpg	0.9037209
1030.jpg	0.93154943
1031.jpg	0.09966796
1032.jpg	0.46771652
1033.jpg	0.35250682
1034.jpg	0.005061624
1035.jpg	0.33172542
1036.jpg	0.13247389
231.jpg	0.7730695
2310.jpg	0.77882195
2311.jpg	0.562113
2312.jpg	0.0036201095
2313.jpg	0.8962688
2314.jpg	0.029617174
2315.jpg	0.03420426
2316.jpg	0.0064804303
2317.jpg	0.1249982
2318.jpg	0.010079118
2319.jpg	0.99343926
232.jpg	0.00084733637
2320.jpg	0.99763155
2321.jpg	0.9633045
2322.jpg	0.990553
2323.jpg	0.41379547
2324.jpg	0.9778236
2325.jpg	0.8204855
2326.jpg	0.15334532
2327.jpg	0.740023
194.jpg	0.014099944
1940.jpg	0.64839447
1941.jpg	0.048788432
1942.jpg	0.9767041
1943.jpg	0.0019339389
1944.jpg	0.09467069
1945.jpg	0.884805
1946.jpg	0.81779504
1947.jpg	0.00091396034
1948.jpg	0.660494
1949.jpg	0.970698
195.jpg	0.0064760046
1950.jpg	0.7727064
1951.jpg	0.72705245
1952.jpg	0.09792811
1953.jpg	0.016141186
1954.jpg	0.0099688675
1955.jpg	0.7540898
1956.jpg	0.75183946
1957.jpg	0.039750505
1958.jpg	0.75809556
4183.jpg	4.12771e-05
4184.jpg	0.9678705
4185.jpg	0.99481934
4186.jpg	0.1550402
4187.jpg	0.7439534
4188.jpg	0.68553025
4189.jpg	0.6580186
419.jpg	0.43849283
4190.jpg	0.038629416
4191.jpg	0.8104601
4192.jpg	0.07498871
4193.jpg	0.9543231
4194.jpg	0.04615372
4195.jpg	0.18058454
4196.jpg	0.6822091
4197.jpg	0.0032019308
4198.jpg	0.95887035
4199.jpg	0.8707225
42.jpg	0.07037527
420.jpg	0.005169266
4200.jpg	0.007127237
4201.jpg	0.045250893
1561.jpg	0.96677065
1562.jpg	0.009037465
1563.jpg	0.9423307
1564.jpg	0.123454735
1565.jpg	0.0007027799
1566.jpg	0.015628647
1567.jpg	0.005538397
1568.jpg	3.3281893e-05
1569.jpg	0.98422986
157.jpg	0.49034813
1570.jpg	0.43774402
1571.jpg	0.936935
1572.jpg	0.9719149
1573.jpg	0.29189172
1574.jpg	0.095906
1575.jpg	0.8175698
1576.jpg	0.94027215
1577.jpg	0.39175966
1578.jpg	0.57929206
1579.jpg	0.7673241
2728.jpg	0.8066451
2729.jpg	0.0023016843
273.jpg	0.04350448
2730.jpg	0.9667876
2731.jpg	0.027475411
2732.jpg	0.048135962
2733.jpg	0.9726237
2734.jpg	0.006658298
2735.jpg	9.742269e-05
2736.jpg	0.0058745984
2737.jpg	0.15084493
2738.jpg	0.99142975
2739.jpg	0.4379339
274.jpg	0.0050962092
2740.jpg	0.90594906
2741.jpg	0.09559138
2742.jpg	0.96372885
2743.jpg	0.022107417
2744.jpg	0.65423566
2745.jpg	0.98271805
4340.jpg	0.3752793
4341.jpg	3.173923e-05
4342.jpg	0.06899533
4343.jpg	0.37471005
4344.jpg	0.022521505
4345.jpg	0.90690094
4346.jpg	0.0035919226
4347.jpg	0.7793236
4348.jpg	0.003181611
4349.jpg	0.121941365
435.jpg	0.011294941
4350.jpg	0.7216047
4351.jpg	0.1496361
4352.jpg	0.78583926
4353.jpg	0.9906461
4354.jpg	0.2814385
4355.jpg	0.8984077
4356.jpg	0.62834084
4357.jpg	0.44076836
4358.jpg	0.0003247899
4359.jpg	0.89578706
436.jpg	0.7123198
3419.jpg	2.9088655e-05
342.jpg	0.2763651
3420.jpg	0.40111953
3421.jpg	0.94834644
3422.jpg	0.46661144
3423.jpg	0.8252398
3424.jpg	0.1307105
3425.jpg	0.0021531333
3426.jpg	0.13680865
3427.jpg	0.5348854
3428.jpg	0.06889679
3429.jpg	0.84967196
343.jpg	0.3747379
3430.jpg	0.35706845
3431.jpg	0.08987417
3432.jpg	0.9246737
3433.jpg	0.6823785
3434.jpg	0.9989371
3435.jpg	0.90662575
3436.jpg	0.21210387
610.jpg	0.06712084
611.jpg	0.055636358
612.jpg	0.992683
613.jpg	0.011817814
614.jpg	0.08347956
615.jpg	0.97701377
616.jpg	3.129272e-07
617.jpg	0.0002623806
618.jpg	0.50899523
619.jpg	0.45172703
62.jpg	0.5393299
620.jpg	0.029200228
621.jpg	0.19464667
622.jpg	0.045022275
623.jpg	0.589553
624.jpg	0.23446608
625.jpg	0.62052304
626.jpg	0.95637345
627.jpg	0.7277674
628.jpg	0.05898052
629.jpg	0.01482483
3982.jpg	0.055150453
3983.jpg	0.9577631
3984.jpg	0.19853191
3985.jpg	0.4613534
3986.jpg	0.98349804
3987.jpg	0.8857526
3988.jpg	0.7408835
3989.jpg	0.50616777
399.jpg	0.9186611
3990.jpg	0.00057237694
3991.jpg	0.5559116
3992.jpg	0.003297454
3993.jpg	0.01435197
3994.jpg	7.656249e-06
3995.jpg	0.6551778
3996.jpg	0.13109645
3997.jpg	0.15285748
3998.jpg	0.49967262
3999.jpg	0.004036812
4.jpg	0.0074406853
40.jpg	0.96493053
1160.jpg	0.0014022266
1161.jpg	0.53067124
1162.jpg	0.9017952
1163.jpg	0.9552228
1164.jpg	0.18864265
1165.jpg	0.25891697
1166.jpg	0.018804941
1167.jpg	0.90840775
1168.jpg	0.10035891
1169.jpg	0.010508093
117.jpg	0.7090168
1170.jpg	0.00609059
1171.jpg	0.14386474
1172.jpg	0.9330454
1173.jpg	0.90374887
1174.jpg	0.2793827
1175.jpg	0.9855055
1176.jpg	0.8913231
1177.jpg	0.98585355
265.jpg	0.09369728
2650.jpg	0.007217352
2651.jpg	0.008187863
2652.jpg	0.024319038
2653.jpg	0.0013392078
2654.jpg	2.5195254e-06
2655.jpg	0.17726736
2656.jpg	0.007525133
2657.jpg	0.0014316733
2658.jpg	0.14485404
2659.jpg	0.12289734
266.jpg	0.98349047
2660.jpg	0.08205635
2661.jpg	0.0006421727
2662.jpg	0.010528043
2663.jpg	0.22633581
2664.jpg	0.0004332526
2665.jpg	0.009225439
2666.jpg	0.13290174
54.jpg	0.9504636
540.jpg	0.9452655
541.jpg	0.0032842814
542.jpg	0.0024232676
543.jpg	0.0041814577
544.jpg	9.949032e-06
545.jpg	0.013108903
546.jpg	0.07394842
547.jpg	0.07978267
548.jpg	0.19793528
549.jpg	0.0041404003
55.jpg	0.9975979
550.jpg	0.03365705
551.jpg	0.030160323
552.jpg	0.9069643
553.jpg	0.05867936
554.jpg	0.0047479076
555.jpg	0.027620077
556.jpg	0.51340985
557.jpg	0.14115037
141.jpg	0.045718286
1410.jpg	0.22112027
1411.jpg	0.97750956
1412.jpg	0.059246015
1413.jpg	0.9763559
1414.jpg	0.57972914
1415.jpg	0.24679042
1416.jpg	0.27177322
1417.jpg	0.89509153
1418.jpg	0.1318164
1419.jpg	0.068451986
142.jpg	0.20847443
1420.jpg	0.6084797
1421.jpg	0.0050745597
1422.jpg	0.020885684
1423.jpg	0.71742874
1424.jpg	0.45187858
1425.jpg	0.015461746
1426.jpg	0.5783135
